user_id,is_active,change_button_link,videos_uploaded,save_edit_placeholder,publishes,change_button_name,w_sessions,change_placeholder_title,w_watches,w_auth_watchers,w_customers,w_revenue
x2hkdw2p9w,1.0,0.0,34.0,0.0,2.0,0.0,2.0,0.0,0.0,0.0,0.0,
0e1krhqq39,1.0,0.0,24.0,0.0,1.0,0.0,5.0,0.0,0.0,0.0,0.0,
j60svfhzra,1.0,0.0,14.0,8.0,4.0,0.0,10.0,5.0,0.0,0.0,0.0,
vw2a1nqs9p,1.0,0.0,7.0,8.0,4.0,0.0,7.0,0.0,0.0,0.0,0.0,
j80gayfz0l,1.0,0.0,6.0,11.0,7.0,0.0,2.0,0.0,0.0,0.0,0.0,
2nm0se54ci,1.0,0.0,5.0,5.0,2.0,0.0,8.0,0.0,0.0,0.0,0.0,
q80b8hguag,1.0,0.0,5.0,1.0,1.0,0.0,10.0,0.0,0.0,0.0,0.0,
2wwdxicnml,1.0,0.0,11.0,19.0,1.0,0.0,2.0,0.0,1.0,1.0,0.0,
ounqusnr1f,1.0,0.0,6.0,6.0,7.0,0.0,14.0,0.0,1.0,1.0,0.0,
ommeescj83,1.0,0.0,4.0,1.0,7.0,0.0,30.0,0.0,1.0,1.0,1.0,50.0
t399vujrrb,1.0,0.0,2.0,1.0,1.0,0.0,11.0,0.0,1.0,1.0,0.0,
8kmpx65tb5,1.0,0.0,7.0,5.0,7.0,0.0,20.0,18.0,2.0,2.0,0.0,
f2n3tctyfs,1.0,0.0,4.0,6.0,3.0,0.0,19.0,0.0,2.0,1.0,0.0,
3aphmh92sf,1.0,0.0,4.0,7.0,2.0,0.0,3.0,0.0,2.0,1.0,0.0,
qcn58dbwdr,1.0,0.0,3.0,0.0,3.0,0.0,15.0,0.0,4.0,2.0,2.0,10.0
ymm4a3bw3c,1.0,2.0,8.0,3.0,5.0,0.0,18.0,1.0,3.0,1.0,0.0,
5ors1g0qwc,1.0,0.0,7.0,10.0,3.0,0.0,17.0,0.0,4.0,1.0,0.0,
r2bzojb0dc,1.0,0.0,6.0,10.0,5.0,0.0,20.0,10.0,4.0,1.0,0.0,
xix7lzcnmz,1.0,0.0,5.0,8.0,6.0,0.0,6.0,2.0,5.0,1.0,0.0,
zwtpa7hv05,1.0,0.0,22.0,24.0,17.0,0.0,31.0,0.0,6.0,1.0,0.0,
unjvwx3ve8,1.0,0.0,15.0,7.0,7.0,0.0,18.0,4.0,6.0,1.0,0.0,
h60ij24z1r,1.0,0.0,4.0,0.0,3.0,0.0,89.0,0.0,6.0,1.0,0.0,
y2rm19tsxu,1.0,0.0,12.0,12.0,21.0,0.0,23.0,11.0,7.0,2.0,0.0,
tubzlnvxyo,1.0,0.0,12.0,7.0,1.0,0.0,14.0,0.0,7.0,1.0,0.0,
4sr5dp6glr,1.0,0.0,6.0,7.0,3.0,0.0,52.0,2.0,7.0,1.0,0.0,
q1kjwklbw1,1.0,0.0,17.0,10.0,20.0,0.0,17.0,3.0,8.0,1.0,0.0,
l2z20e0ge9,1.0,1.0,9.0,9.0,5.0,0.0,23.0,37.0,8.0,1.0,0.0,
35gg8mfmi4,1.0,3.0,5.0,12.0,7.0,1.0,20.0,11.0,12.0,1.0,0.0,
dtltocxuzw,1.0,0.0,5.0,11.0,8.0,0.0,18.0,0.0,16.0,2.0,0.0,
gs5vqj5mxy,1.0,0.0,5.0,2.0,4.0,0.0,37.0,1.0,16.0,1.0,0.0,
b25oth0m80,1.0,0.0,11.0,0.0,4.0,0.0,23.0,0.0,21.0,2.0,0.0,
zw12i82uhl,1.0,1.0,5.0,7.0,16.0,1.0,118.0,4.0,23.0,3.0,2.0,15.0
5wpfbk0ex9,1.0,0.0,5.0,2.0,6.0,0.0,225.0,1.0,25.0,1.0,0.0,
godcp0s5st,1.0,0.0,2.0,7.0,10.0,0.0,11.0,0.0,4.0,1.0,0.0,
im7vph42iu,1.0,0.0,15.0,29.0,1.0,0.0,29.0,0.0,29.0,2.0,0.0,
cpttnhi5ns,1.0,0.0,4.0,6.0,5.0,0.0,39.0,19.0,31.0,1.0,0.0,
dgcqztz72s,1.0,0.0,8.0,8.0,1.0,0.0,31.0,0.0,44.0,2.0,0.0,
67ccwn2say,1.0,0.0,6.0,3.0,4.0,0.0,39.0,0.0,52.0,1.0,0.0,
3q7onxm9bg,1.0,0.0,10.0,14.0,10.0,0.0,54.0,0.0,66.0,1.0,0.0,
zcg54iwqub,1.0,0.0,5.0,3.0,2.0,0.0,228.0,4.0,69.0,7.0,0.0,
d6q5vxnroa,1.0,0.0,0.0,11.0,2.0,0.0,86.0,5.0,89.0,1.0,0.0,
1owa44l6fl,1.0,1.0,97.0,16.0,8.0,1.0,109.0,17.0,103.0,2.0,0.0,
ro2866xmqk,1.0,0.0,6.0,5.0,9.0,0.0,79.0,3.0,142.0,1.0,0.0,
ns12scgg9y,1.0,0.0,13.0,12.0,16.0,0.0,87.0,12.0,148.0,2.0,0.0,
knfouhghs9,1.0,6.0,16.0,25.0,6.0,1.0,186.0,18.0,309.0,2.0,0.0,
l99kn4y5re,1.0,0.0,4.0,2.0,3.0,0.0,1119.0,0.0,589.0,49.0,0.0,
q825q4ty9k,1.0,0.0,4.0,10.0,5.0,0.0,360.0,0.0,633.0,15.0,0.0,
cesz2xjkto,1.0,0.0,6.0,0.0,10.0,0.0,465.0,0.0,726.0,2.0,0.0,
rugnw5a7bc,1.0,1.0,27.0,25.0,65.0,0.0,1448.0,3.0,862.0,22.0,13.0,1249.0
dq3mfpxkeu,1.0,0.0,16.0,33.0,22.0,0.0,1069.0,1.0,1316.0,15.0,5.0,55.0
zacy40ztj6,1.0,0.0,29.0,0.0,2.0,0.0,11.0,0.0,3.0,1.0,0.0,
ovo59471re,1.0,0.0,12.0,9.0,5.0,0.0,2558.0,8.0,4420.0,58.0,0.0,
t4sd8dw774,1.0,0.0,7.0,2.0,8.0,0.0,38.0,0.0,30.0,1.0,0.0,
f35n8dd2qe,1.0,0.0,16.0,4.0,7.0,0.0,8010.0,0.0,9878.0,20.0,0.0,
j4mry2vfyp,1.0,0.0,81.0,3.0,7.0,0.0,129.0,0.0,164.0,5.0,0.0,
2h8d29s3jn,1.0,0.0,32.0,31.0,20.0,0.0,207.0,0.0,388.0,1.0,0.0,
crvnjktbwa,1.0,2.0,29.0,71.0,71.0,1.0,26657.0,26.0,29984.0,24.0,0.0,
djo2unwmae,1.0,0.0,7.0,14.0,13.0,0.0,28.0,0.0,19.0,1.0,0.0,
47l0ripdb7,1.0,0.0,20.0,0.0,12.0,0.0,88.0,0.0,157.0,4.0,0.0,
l0zo6do99n,1.0,0.0,15.0,14.0,5.0,0.0,202.0,0.0,180.0,2.0,0.0,
ibb4poef75,1.0,0.0,20.0,53.0,7.0,0.0,4474.0,0.0,1109.0,78.0,90.0,1705.0
uglom1v1ho,1.0,0.0,16.0,43.0,17.0,0.0,638.0,0.0,676.0,11.0,20.0,1592.0
82bc8mi9u2,1.0,0.0,17.0,31.0,3.0,0.0,12.0,0.0,0.0,0.0,0.0,
epvahrn56k,1.0,0.0,11.0,28.0,25.0,0.0,185.0,20.0,46.0,12.0,15.0,1150.0
0ioi78fi8r,1.0,0.0,23.0,36.0,18.0,0.0,262.0,0.0,378.0,11.0,10.0,1060.0
36up6644vv,1.0,0.0,11.0,7.0,6.0,0.0,47.0,0.0,6.0,3.0,2.0,1051.0
buegcuj3d6,1.0,0.0,40.0,57.0,15.0,0.0,49907.0,12.0,48709.0,1500.0,15.0,915.0
7mit2uh5wi,1.0,0.0,52.0,58.0,64.0,0.0,538.0,52.0,108.0,7.0,7.0,405.0
mkgfv9vzhn,1.0,7.0,12.0,23.0,11.0,2.0,115.0,8.0,32.0,6.0,6.0,179.0
ceqru85nkt,1.0,0.0,12.0,12.0,5.0,0.0,533.0,10.0,179.0,5.0,3.0,60.0
mdaerry5im,1.0,8.0,24.0,29.0,59.0,6.0,487.0,19.0,757.0,5.0,1.0,50.0
3pl4p0kcmk,1.0,0.0,13.0,8.0,9.0,0.0,23.0,0.0,2.0,2.0,1.0,50.0
9rc0pmco8w,1.0,0.0,16.0,17.0,6.0,0.0,479.0,1.0,32.0,4.0,5.0,38.0
7uj8xx9xl8,1.0,0.0,4.0,9.0,3.0,0.0,15.0,5.0,1.0,1.0,1.0,10.0
82xe4vm0pe,1.0,0.0,3.0,0.0,1.0,0.0,22.0,0.0,0.0,0.0,1.0,10.0
ygic1ctzgu,1.0,0.0,25.0,36.0,12.0,0.0,366.0,0.0,104.0,2.0,2.0,6.0
2r0djepbmy,1.0,0.0,3.0,6.0,5.0,0.0,26.0,0.0,3.0,1.0,0.0,
zzfcnpwmhl,1.0,0.0,1.0,1.0,3.0,0.0,3.0,0.0,3.0,2.0,0.0,
8ijdpsxlhe,1.0,0.0,21.0,27.0,18.0,0.0,30.0,1.0,4.0,2.0,1.0,10.0
fuvwpijchb,1.0,0.0,36.0,71.0,53.0,0.0,6410.0,0.0,11430.0,116.0,4.0,4.0
yaxnrdvi9w,1.0,0.0,27.0,21.0,16.0,0.0,272.0,2.0,409.0,4.0,3.0,3.0
rtw2ljvu81,1.0,0.0,16.0,17.0,5.0,0.0,18.0,0.0,4.0,1.0,0.0,
uj5t39k3xm,1.0,4.0,9.0,22.0,14.0,2.0,125.0,11.0,19.0,4.0,1.0,2.0
59zwookeqi,1.0,0.0,24.0,40.0,1.0,0.0,48.0,0.0,6.0,1.0,0.0,
9pg6it26lr,1.0,0.0,47.0,72.0,18.0,0.0,112.0,33.0,8.0,1.0,0.0,
8idtnhvy1f,1.0,0.0,8.0,7.0,2.0,0.0,23.0,0.0,11.0,1.0,0.0,
4pcvzcyozl,1.0,13.0,16.0,34.0,28.0,9.0,78.0,15.0,13.0,2.0,1.0,5.0
e8r8gm0k3e,1.0,0.0,8.0,3.0,7.0,0.0,41.0,2.0,14.0,4.0,1.0,2.0
bs9apw8zbo,1.0,3.0,22.0,51.0,13.0,3.0,49.0,51.0,33.0,4.0,4.0,1040.0
esbnl73v9q,1.0,12.0,10.0,24.0,22.0,5.0,168.0,17.0,39.0,3.0,0.0,
hwhh11hvwu,1.0,0.0,16.0,17.0,10.0,0.0,88.0,0.0,51.0,1.0,0.0,
um3ifrotwz,1.0,20.0,58.0,94.0,24.0,21.0,74.0,1.0,61.0,1.0,0.0,
udlwbfmrjl,1.0,0.0,14.0,5.0,12.0,0.0,155.0,2.0,65.0,2.0,0.0,
5y7f3wm3fz,1.0,0.0,26.0,36.0,29.0,0.0,399.0,0.0,70.0,10.0,8.0,87.0
pcgxg08im0,1.0,1.0,59.0,79.0,27.0,0.0,351.0,10.0,158.0,11.0,5.0,5.0
punqimco6y,1.0,0.0,36.0,17.0,9.0,0.0,72.0,0.0,160.0,3.0,0.0,
hvhbv5wte6,1.0,0.0,92.0,166.0,17.0,0.0,266.0,28.0,173.0,35.0,10.0,1000.0
p1encem0o1,1.0,0.0,52.0,91.0,70.0,0.0,289.0,77.0,181.0,4.0,1.0,15.0
l3x9967i09,1.0,0.0,19.0,25.0,10.0,0.0,271.0,0.0,254.0,4.0,0.0,
4buj3e1jxe,1.0,2.0,77.0,68.0,24.0,0.0,655.0,19.0,300.0,12.0,15.0,1293.0
h5psug9zeq,1.0,2.0,27.0,124.0,88.0,2.0,763.0,26.0,573.0,24.0,16.0,752.0
elow2t0asy,1.0,0.0,22.0,34.0,12.0,0.0,493.0,0.0,750.0,21.0,6.0,60.0
hxww2rdubh,1.0,1.0,37.0,70.0,44.0,0.0,2438.0,44.0,2194.0,109.0,111.0,1458.0
958xzmqxbm,1.0,0.0,27.0,14.0,4.0,0.0,2486.0,0.0,2451.0,72.0,0.0,
io5isoenx5,1.0,0.0,28.0,2.0,27.0,0.0,3717.0,0.0,4410.0,29.0,16.0,95.0
5dxtebf4kr,1.0,0.0,19.0,37.0,4.0,0.0,33.0,0.0,13.0,2.0,0.0,
u84e6r2h72,1.0,0.0,49.0,50.0,26.0,0.0,545.0,0.0,173.0,6.0,0.0,
daeultzykr,1.0,0.0,2.0,2.0,2.0,0.0,38.0,0.0,1.0,1.0,0.0,
yzgmjarso7,1.0,0.0,8.0,8.0,2.0,0.0,14.0,0.0,2.0,1.0,0.0,
g4ztdwtv7q,1.0,0.0,16.0,16.0,4.0,0.0,35.0,0.0,4.0,1.0,0.0,
m8j2zsqvis,1.0,0.0,22.0,14.0,8.0,0.0,46.0,6.0,13.0,1.0,0.0,
qxb30v6v5y,1.0,0.0,134.0,51.0,33.0,0.0,136.0,33.0,162.0,3.0,0.0,
sl5meyfjsx,0.0,0.0,10.0,0.0,5.0,0.0,29.0,0.0,781.0,2.0,0.0,
2lacpoo7zh,0.0,0.0,3.0,1.0,8.0,0.0,365.0,1.0,29.0,2.0,2.0,60.0
knmciq8quu,0.0,0.0,28.0,0.0,1.0,0.0,28.0,0.0,136.0,1.0,0.0,
b0d31e60kf,0.0,0.0,28.0,0.0,1.0,0.0,24.0,0.0,108.0,1.0,0.0,
0ddeolgjep,0.0,0.0,6.0,11.0,10.0,0.0,90.0,6.0,75.0,7.0,0.0,
qzphb2i3qi,0.0,0.0,14.0,4.0,0.0,0.0,1.0,0.0,0.0,0.0,0.0,
4kg9pa6z3p,0.0,0.0,13.0,2.0,5.0,0.0,5549.0,0.0,4822.0,48.0,0.0,
ankdi07hut,0.0,0.0,12.0,16.0,0.0,0.0,20.0,0.0,0.0,0.0,0.0,
64kdpgltrq,0.0,0.0,4.0,4.0,11.0,0.0,7.0,2.0,27.0,1.0,0.0,
2l16kaboeo,0.0,0.0,11.0,4.0,3.0,0.0,5.0,2.0,21.0,1.0,0.0,
p9kn9ogays,0.0,0.0,9.0,0.0,6.0,0.0,23.0,0.0,21.0,1.0,0.0,
u1fqmbk8p6,0.0,0.0,10.0,0.0,3.0,0.0,2.0,0.0,0.0,0.0,0.0,
ikai5v23co,0.0,0.0,10.0,0.0,1.0,0.0,4.0,0.0,0.0,0.0,0.0,
p0rjnmafwh,0.0,0.0,10.0,1.0,0.0,0.0,1.0,0.0,0.0,0.0,0.0,
zan4kat92j,0.0,0.0,10.0,5.0,0.0,0.0,0.0,0.0,0.0,0.0,0.0,
gw215l3djz,0.0,0.0,10.0,2.0,0.0,0.0,26.0,0.0,0.0,0.0,0.0,
c5yjkmjh0z,0.0,0.0,9.0,3.0,4.0,0.0,43.0,0.0,21.0,1.0,0.0,
ir2h69xt3u,0.0,0.0,4.0,0.0,1.0,0.0,14.0,0.0,21.0,1.0,0.0,
kvbplyoatf,0.0,0.0,4.0,2.0,6.0,0.0,24.0,1.0,21.0,1.0,0.0,
wk6dxy552i,0.0,0.0,5.0,0.0,2.0,0.0,24.0,0.0,18.0,1.0,0.0,
mkkthp3ac6,0.0,5.0,4.0,7.0,9.0,1.0,19.0,8.0,18.0,1.0,0.0,
1reospko9w,0.0,0.0,9.0,0.0,5.0,0.0,5.0,0.0,1.0,1.0,0.0,
n3nxrgs97p,0.0,0.0,7.0,5.0,3.0,0.0,6.0,0.0,13.0,1.0,0.0,
h3kpnf99ev,0.0,0.0,7.0,0.0,2.0,0.0,17.0,0.0,13.0,1.0,0.0,
r5wmdnbel2,0.0,0.0,8.0,0.0,1.0,0.0,2.0,0.0,0.0,0.0,0.0,
vq65wxre4e,0.0,0.0,8.0,5.0,3.0,0.0,22.0,0.0,0.0,0.0,0.0,
1avxdaolhr,0.0,0.0,8.0,2.0,6.0,0.0,5.0,0.0,0.0,0.0,0.0,
lij7arh5s4,0.0,0.0,5.0,1.0,2.0,0.0,4.0,0.0,11.0,2.0,0.0,
i4qasc68k0,0.0,0.0,4.0,0.0,7.0,0.0,17.0,0.0,11.0,1.0,0.0,
camv1rviyg,0.0,0.0,10.0,3.0,4.0,0.0,5.0,0.0,9.0,1.0,0.0,
81k3n1j22i,0.0,0.0,6.0,0.0,4.0,0.0,25.0,0.0,9.0,1.0,0.0,
ue16zh9geb,0.0,0.0,5.0,7.0,9.0,0.0,23.0,0.0,9.0,2.0,2.0,9.0
0s1u9my4zs,0.0,0.0,7.0,0.0,2.0,0.0,3.0,0.0,1.0,1.0,0.0,
pfueejxmkf,0.0,0.0,7.0,1.0,0.0,0.0,7.0,0.0,0.0,0.0,0.0,
917kljuc1u,0.0,0.0,7.0,2.0,2.0,0.0,0.0,0.0,0.0,0.0,0.0,
rw370sggbn,0.0,0.0,7.0,5.0,0.0,0.0,0.0,0.0,0.0,0.0,0.0,
ok9grwfyqe,0.0,0.0,7.0,0.0,1.0,0.0,4.0,0.0,0.0,0.0,0.0,
ka9w49jph3,0.0,2.0,7.0,5.0,4.0,0.0,7.0,6.0,0.0,0.0,0.0,
pkydgg6z7r,0.0,0.0,8.0,11.0,0.0,0.0,13.0,0.0,0.0,0.0,0.0,
5rn2ia68z5,0.0,0.0,4.0,4.0,4.0,0.0,24.0,0.0,8.0,1.0,0.0,
woe8mg1z7e,0.0,0.0,4.0,7.0,2.0,0.0,21.0,3.0,8.0,2.0,0.0,
lkb7xoiced,0.0,0.0,2.0,0.0,1.0,0.0,1.0,0.0,0.0,0.0,0.0,
9z4abwz59s,0.0,1.0,5.0,1.0,7.0,0.0,18.0,1.0,7.0,2.0,0.0,
lusyxl237v,0.0,0.0,4.0,6.0,6.0,0.0,30.0,0.0,7.0,2.0,1.0,2.0
spa97o8mvw,0.0,0.0,4.0,3.0,4.0,0.0,8.0,0.0,7.0,1.0,0.0,
v3k5sbwdou,0.0,0.0,4.0,0.0,1.0,0.0,4.0,0.0,7.0,1.0,0.0,
mczrei37ju,0.0,0.0,6.0,1.0,3.0,0.0,9.0,0.0,1.0,1.0,0.0,
bncphw6svj,0.0,2.0,6.0,5.0,7.0,1.0,2.0,0.0,1.0,1.0,0.0,
xx6egx0cjh,0.0,0.0,6.0,2.0,3.0,0.0,9.0,0.0,0.0,0.0,0.0,
78wvfes6nc,0.0,0.0,6.0,0.0,1.0,0.0,11.0,0.0,0.0,0.0,0.0,
3tsrx3tn8u,0.0,0.0,6.0,2.0,2.0,0.0,0.0,2.0,0.0,0.0,0.0,
9jcbpt2p5i,0.0,0.0,2.0,0.0,6.0,0.0,8.0,2.0,1.0,1.0,0.0,
okcypmju8e,0.0,0.0,6.0,5.0,6.0,0.0,9.0,0.0,3.0,1.0,0.0,
vfwpcmf6k7,0.0,0.0,7.0,0.0,1.0,0.0,2.0,0.0,6.0,1.0,0.0,
7zv7vkfrmp,0.0,0.0,9.0,6.0,1.0,0.0,6.0,3.0,5.0,1.0,0.0,
s5bcbs3nc1,0.0,0.0,8.0,1.0,3.0,0.0,8.0,1.0,5.0,1.0,0.0,
sfaog6tnv0,0.0,0.0,6.0,0.0,10.0,0.0,8.0,0.0,5.0,1.0,0.0,
hfhun6e2fe,0.0,0.0,6.0,0.0,2.0,0.0,21.0,0.0,5.0,1.0,0.0,
ucjkcv8k4t,0.0,0.0,4.0,0.0,5.0,0.0,11.0,0.0,5.0,1.0,0.0,
xc5x571o3u,0.0,0.0,4.0,0.0,2.0,0.0,7.0,0.0,5.0,1.0,0.0,
tg1arwspmy,0.0,0.0,8.0,3.0,7.0,0.0,72.0,3.0,4.0,1.0,1.0,5.0
t6u1k1w81e,0.0,0.0,5.0,0.0,1.0,0.0,9.0,0.0,1.0,1.0,0.0,
tnmx3kluqy,0.0,0.0,5.0,0.0,4.0,0.0,7.0,0.0,1.0,1.0,0.0,
a2vmt26agr,0.0,0.0,5.0,0.0,2.0,0.0,9.0,0.0,1.0,1.0,0.0,
apdt28031q,0.0,0.0,5.0,4.0,3.0,0.0,5.0,6.0,0.0,0.0,0.0,
uhlx73ctal,0.0,0.0,5.0,0.0,2.0,0.0,0.0,0.0,0.0,0.0,0.0,
efnev7d2un,0.0,0.0,3.0,3.0,1.0,0.0,10.0,0.0,3.0,1.0,0.0,
eo0s5l2whc,0.0,0.0,5.0,0.0,2.0,0.0,2.0,0.0,0.0,0.0,0.0,
u9rkvm3ubd,0.0,0.0,5.0,5.0,0.0,0.0,1.0,0.0,0.0,0.0,0.0,
dg7wxtpd2u,0.0,0.0,5.0,0.0,5.0,0.0,4.0,0.0,0.0,0.0,0.0,
pfml3q3cjp,0.0,0.0,5.0,2.0,1.0,0.0,4.0,0.0,0.0,0.0,0.0,
pyi03wsofs,0.0,0.0,6.0,1.0,1.0,0.0,14.0,0.0,4.0,1.0,0.0,
xak61wyk92,0.0,2.0,5.0,2.0,4.0,1.0,59.0,0.0,4.0,1.0,0.0,
64dmip53ok,0.0,0.0,4.0,0.0,1.0,0.0,4.0,0.0,4.0,1.0,0.0,
51krq2fc16,0.0,0.0,4.0,0.0,5.0,0.0,7.0,0.0,4.0,1.0,0.0,
rhbgh85jlj,0.0,0.0,15.0,2.0,6.0,0.0,60.0,1.0,3.0,1.0,0.0,
fv9x2l6q2h,0.0,0.0,6.0,1.0,3.0,0.0,5.0,3.0,3.0,1.0,0.0,
mytpor5u0o,0.0,0.0,4.0,4.0,4.0,0.0,5.0,0.0,3.0,1.0,0.0,
ga94ibbxgn,0.0,0.0,4.0,1.0,5.0,0.0,13.0,1.0,3.0,1.0,0.0,
o74nt7xzzj,0.0,0.0,4.0,0.0,2.0,0.0,6.0,0.0,3.0,1.0,0.0,
3ipwq4b4h1,0.0,0.0,2.0,2.0,2.0,0.0,11.0,0.0,2.0,1.0,0.0,
kz8rbyywi4,0.0,0.0,17.0,1.0,4.0,0.0,7.0,0.0,2.0,1.0,0.0,
yxh5322mcs,0.0,0.0,9.0,0.0,8.0,0.0,5.0,0.0,2.0,1.0,0.0,
mtgfz25wfo,0.0,0.0,9.0,6.0,4.0,0.0,8.0,0.0,2.0,1.0,0.0,
lql87gsuip,0.0,1.0,7.0,6.0,17.0,1.0,126.0,2.0,2.0,1.0,0.0,
3mo8m1n46e,0.0,0.0,6.0,0.0,2.0,0.0,9.0,0.0,2.0,1.0,0.0,
dylljnvmkl,0.0,0.0,6.0,0.0,2.0,0.0,11.0,0.0,2.0,1.0,0.0,
8sr0q38wwv,0.0,0.0,4.0,3.0,3.0,0.0,36.0,0.0,2.0,1.0,0.0,
rlz5bmmrke,0.0,0.0,6.0,3.0,2.0,0.0,3.0,0.0,2.0,1.0,0.0,
hls09xbvgx,0.0,0.0,5.0,1.0,2.0,0.0,4.0,0.0,2.0,1.0,0.0,
628cy5lraz,0.0,0.0,5.0,5.0,3.0,0.0,11.0,0.0,2.0,1.0,0.0,
dvd19sayac,0.0,0.0,5.0,3.0,4.0,0.0,3.0,0.0,2.0,1.0,0.0,
02te33af82,0.0,0.0,4.0,2.0,7.0,0.0,5.0,1.0,2.0,1.0,0.0,
3b68ozsym6,0.0,0.0,4.0,5.0,3.0,0.0,2.0,5.0,2.0,1.0,0.0,
y6izu44857,0.0,0.0,4.0,0.0,5.0,0.0,9.0,0.0,2.0,2.0,0.0,
4m11z0g8ty,0.0,0.0,4.0,0.0,2.0,0.0,5.0,0.0,1.0,1.0,0.0,
sbe83sr584,0.0,0.0,4.0,0.0,1.0,0.0,12.0,0.0,1.0,1.0,0.0,
rd0gznt8m5,0.0,0.0,4.0,0.0,3.0,0.0,4.0,0.0,1.0,1.0,0.0,
u8p9vjs24q,0.0,0.0,4.0,0.0,1.0,0.0,5.0,0.0,0.0,0.0,0.0,
bw5aalpljp,0.0,0.0,4.0,0.0,1.0,0.0,1.0,0.0,0.0,0.0,0.0,
gmqyx86x1j,0.0,0.0,4.0,6.0,1.0,0.0,1.0,0.0,0.0,0.0,0.0,
mfocp1zdki,0.0,0.0,4.0,0.0,0.0,0.0,0.0,0.0,0.0,0.0,0.0,
4gynek4e5f,0.0,0.0,4.0,0.0,1.0,0.0,2.0,0.0,0.0,0.0,0.0,
hy0a3fw6p3,0.0,0.0,4.0,4.0,1.0,0.0,1.0,5.0,0.0,0.0,0.0,
klcaw9g37x,0.0,0.0,4.0,0.0,2.0,0.0,0.0,0.0,0.0,0.0,0.0,
y2y7hqvuqp,0.0,2.0,4.0,5.0,9.0,2.0,13.0,5.0,0.0,0.0,0.0,
zcdvbh5ess,0.0,0.0,4.0,0.0,0.0,0.0,0.0,0.0,0.0,0.0,0.0,
czuebkjv02,0.0,0.0,4.0,1.0,2.0,0.0,30.0,0.0,0.0,0.0,0.0,
x3u86m7nh2,0.0,0.0,4.0,0.0,0.0,0.0,0.0,0.0,0.0,0.0,0.0,
v81kex4q9w,0.0,2.0,4.0,4.0,5.0,0.0,6.0,3.0,0.0,0.0,0.0,
6d3bzmelrp,0.0,0.0,4.0,0.0,0.0,0.0,0.0,0.0,0.0,0.0,0.0,
zyuk8br6tg,0.0,0.0,4.0,0.0,1.0,0.0,2.0,0.0,0.0,0.0,0.0,
l04po5dsf6,0.0,0.0,4.0,0.0,1.0,0.0,1.0,0.0,0.0,0.0,0.0,
jcnnw13sr1,0.0,0.0,4.0,0.0,0.0,0.0,1.0,0.0,0.0,0.0,0.0,
fx32jmij6i,0.0,0.0,4.0,4.0,2.0,0.0,2.0,0.0,0.0,0.0,0.0,
rbi5k6q0fa,0.0,0.0,4.0,2.0,5.0,0.0,14.0,0.0,0.0,0.0,0.0,
axtfx6t38e,0.0,0.0,4.0,0.0,0.0,0.0,0.0,0.0,0.0,0.0,0.0,
a8ntteulsb,0.0,0.0,4.0,0.0,3.0,0.0,3.0,0.0,0.0,0.0,0.0,
6l21k3ntjb,0.0,0.0,4.0,1.0,0.0,0.0,0.0,0.0,0.0,0.0,0.0,
m3pd2t6did,0.0,1.0,4.0,3.0,2.0,0.0,2.0,1.0,0.0,0.0,0.0,
xkex8t90r0,0.0,0.0,11.0,26.0,6.0,0.0,16.0,0.0,0.0,0.0,0.0,
wiiqfro0ub,0.0,0.0,4.0,0.0,3.0,0.0,3.0,0.0,0.0,0.0,0.0,
j2xxupoj6r,0.0,0.0,4.0,0.0,1.0,0.0,10.0,0.0,0.0,0.0,0.0,
iftn0fkliw,0.0,0.0,3.0,3.0,4.0,0.0,711.0,3.0,555.0,11.0,0.0,
knvd8m8ejm,0.0,0.0,3.0,2.0,7.0,0.0,76.0,0.0,37.0,4.0,2.0,20.0
7tgbqf7eka,0.0,0.0,3.0,1.0,4.0,0.0,20.0,2.0,33.0,1.0,0.0,
4ku4f77s7l,0.0,0.0,3.0,3.0,2.0,0.0,48.0,0.0,27.0,1.0,0.0,
tyjf30evsu,0.0,0.0,0.0,0.0,0.0,0.0,0.0,0.0,0.0,0.0,0.0,
xo2e23bhlm,0.0,0.0,3.0,0.0,3.0,0.0,5.0,0.0,27.0,1.0,0.0,
33mrydovrh,0.0,0.0,3.0,0.0,4.0,0.0,34.0,0.0,24.0,1.0,0.0,
w17xlsl52n,0.0,0.0,3.0,0.0,5.0,0.0,12.0,0.0,21.0,1.0,0.0,
7tzzlsabfe,0.0,0.0,3.0,0.0,1.0,0.0,1.0,0.0,0.0,0.0,0.0,
e8slzljybl,0.0,0.0,3.0,5.0,7.0,0.0,15.0,4.0,15.0,1.0,0.0,
1vc0tbdm8u,0.0,3.0,3.0,3.0,5.0,2.0,66.0,9.0,13.0,2.0,0.0,
kb2o1vqngl,0.0,0.0,3.0,6.0,2.0,0.0,11.0,0.0,11.0,1.0,0.0,
e2ng1yc35v,0.0,0.0,3.0,0.0,2.0,0.0,5.0,0.0,10.0,2.0,0.0,
affwjnu5fy,0.0,0.0,3.0,0.0,2.0,0.0,12.0,0.0,10.0,2.0,0.0,
1lhymukga2,0.0,0.0,3.0,5.0,6.0,0.0,9.0,0.0,8.0,1.0,0.0,
urvr3oa6bg,0.0,0.0,3.0,0.0,2.0,0.0,13.0,0.0,8.0,1.0,0.0,
d49ensbus3,0.0,0.0,3.0,2.0,7.0,0.0,23.0,0.0,6.0,3.0,0.0,
cgq4tiocjq,0.0,0.0,0.0,0.0,0.0,0.0,2.0,0.0,0.0,0.0,0.0,
t3nfswlj6s,0.0,0.0,3.0,1.0,4.0,0.0,7.0,0.0,4.0,2.0,0.0,
qbvsz91fnm,0.0,0.0,3.0,0.0,1.0,0.0,1.0,0.0,3.0,1.0,0.0,
g3liod9v27,0.0,0.0,3.0,2.0,1.0,0.0,2.0,0.0,3.0,1.0,0.0,
ns99i3stht,0.0,0.0,3.0,1.0,1.0,0.0,5.0,1.0,3.0,1.0,0.0,
60onph1bu9,0.0,1.0,3.0,4.0,5.0,0.0,17.0,0.0,3.0,1.0,0.0,
wyrbiymk41,0.0,0.0,3.0,1.0,4.0,0.0,45.0,1.0,3.0,1.0,0.0,
jlfqoak1t4,0.0,0.0,3.0,0.0,7.0,0.0,9.0,0.0,3.0,1.0,0.0,
bnqpwvkqzn,0.0,0.0,3.0,0.0,1.0,0.0,9.0,0.0,3.0,1.0,0.0,
31wq1fgdpo,0.0,0.0,3.0,2.0,2.0,0.0,6.0,0.0,3.0,1.0,0.0,
pnk5a2yot5,0.0,0.0,3.0,2.0,2.0,0.0,3.0,0.0,2.0,1.0,0.0,
tgxpiepxrd,0.0,0.0,3.0,3.0,1.0,0.0,7.0,0.0,2.0,1.0,0.0,
jt7fn9orey,0.0,0.0,3.0,2.0,3.0,0.0,4.0,0.0,2.0,1.0,0.0,
k1zc9lhs5g,0.0,0.0,3.0,0.0,1.0,0.0,5.0,0.0,2.0,1.0,0.0,
r7uxz1eljo,0.0,0.0,3.0,2.0,6.0,0.0,3.0,3.0,2.0,1.0,0.0,
ot2b0o1gdw,0.0,0.0,3.0,0.0,3.0,0.0,9.0,0.0,2.0,1.0,0.0,
2zfs8xui4w,0.0,0.0,3.0,2.0,2.0,0.0,71.0,3.0,2.0,1.0,0.0,
sur09ea0rr,0.0,0.0,3.0,0.0,1.0,0.0,1.0,0.0,1.0,1.0,0.0,
y0yqe5nkl8,0.0,0.0,3.0,0.0,2.0,0.0,1.0,0.0,1.0,1.0,0.0,
ck147reqja,0.0,0.0,2.0,1.0,3.0,0.0,2.0,0.0,5.0,1.0,0.0,
6cac6iqkeh,0.0,0.0,3.0,6.0,3.0,0.0,7.0,0.0,1.0,1.0,0.0,
ecyp7oebyi,0.0,1.0,3.0,2.0,2.0,1.0,5.0,2.0,1.0,1.0,0.0,
opjns7ww12,0.0,0.0,3.0,1.0,3.0,0.0,3.0,0.0,1.0,1.0,0.0,
y4bn0zmdh7,0.0,0.0,3.0,0.0,1.0,0.0,2.0,0.0,1.0,1.0,0.0,
jbg2her6e6,0.0,0.0,1.0,0.0,2.0,0.0,2.0,0.0,0.0,0.0,0.0,
ltvqvsnzxd,0.0,0.0,1.0,0.0,1.0,0.0,12.0,0.0,6.0,1.0,0.0,
puezlm24m4,0.0,0.0,3.0,3.0,6.0,0.0,18.0,3.0,0.0,0.0,1.0,2.0
wmuinjxng2,0.0,0.0,3.0,0.0,3.0,0.0,4.0,0.0,0.0,0.0,0.0,
qmil37un5q,0.0,0.0,3.0,0.0,2.0,0.0,0.0,0.0,0.0,0.0,0.0,
79ov1x2zfo,0.0,0.0,3.0,1.0,0.0,0.0,0.0,0.0,0.0,0.0,0.0,
ux97yxcbnp,0.0,0.0,5.0,2.0,2.0,0.0,4.0,0.0,2.0,1.0,0.0,
hqppsqmzuc,0.0,0.0,3.0,0.0,0.0,0.0,1.0,0.0,0.0,0.0,0.0,
wn6ledxd1x,0.0,0.0,3.0,0.0,0.0,0.0,0.0,0.0,0.0,0.0,0.0,
bnoe91gvqq,0.0,0.0,3.0,2.0,7.0,0.0,10.0,7.0,0.0,0.0,0.0,
g7xjrisad0,0.0,0.0,3.0,3.0,2.0,0.0,0.0,4.0,0.0,0.0,0.0,
1rze8b6x4g,0.0,0.0,3.0,0.0,2.0,0.0,3.0,0.0,0.0,0.0,0.0,
06zjqgvh2i,0.0,0.0,3.0,3.0,2.0,0.0,2.0,0.0,0.0,0.0,0.0,
mmv5km16k6,0.0,0.0,3.0,0.0,5.0,0.0,3.0,1.0,0.0,0.0,0.0,
2klgixvz1w,0.0,0.0,3.0,0.0,1.0,0.0,6.0,0.0,0.0,0.0,0.0,
ifx86gk4i4,0.0,0.0,3.0,0.0,1.0,0.0,1.0,0.0,0.0,0.0,0.0,
1pyicgxn1w,0.0,0.0,3.0,0.0,1.0,0.0,3.0,0.0,0.0,0.0,0.0,
t67b9os77t,0.0,0.0,3.0,3.0,0.0,0.0,0.0,1.0,0.0,0.0,0.0,
vbfbx4mmya,0.0,0.0,3.0,7.0,0.0,0.0,0.0,0.0,0.0,0.0,0.0,
n3vxm2uhfw,0.0,0.0,3.0,0.0,2.0,0.0,2.0,0.0,0.0,0.0,0.0,
u4en5zcj0q,0.0,0.0,3.0,0.0,2.0,0.0,2.0,0.0,0.0,0.0,0.0,
b8yeuj7tmg,0.0,1.0,3.0,3.0,3.0,1.0,1.0,1.0,0.0,0.0,0.0,
4uhye19br3,0.0,0.0,3.0,0.0,2.0,0.0,3.0,0.0,0.0,0.0,0.0,
vyfxz65qix,0.0,0.0,3.0,2.0,2.0,0.0,1.0,0.0,0.0,0.0,0.0,
mhh8dqbjav,0.0,0.0,3.0,0.0,0.0,0.0,0.0,0.0,0.0,0.0,0.0,
m72q8t1rr9,0.0,0.0,3.0,0.0,0.0,0.0,0.0,0.0,0.0,0.0,0.0,
bsy9o0c0gl,0.0,0.0,3.0,4.0,4.0,0.0,2.0,0.0,0.0,0.0,0.0,
rnog8qzm80,0.0,0.0,3.0,0.0,0.0,0.0,5.0,0.0,0.0,0.0,0.0,
wu65il6gue,0.0,0.0,3.0,0.0,1.0,0.0,1.0,0.0,0.0,0.0,0.0,
tuljfafqvz,0.0,0.0,3.0,3.0,0.0,0.0,3.0,0.0,0.0,0.0,0.0,
h59f4gybj1,0.0,0.0,3.0,0.0,1.0,0.0,2.0,0.0,0.0,0.0,0.0,
bmmfcx83wp,0.0,0.0,3.0,0.0,3.0,0.0,2.0,0.0,0.0,0.0,0.0,
i625ckwo0v,0.0,0.0,3.0,0.0,0.0,0.0,0.0,0.0,0.0,0.0,0.0,
w6o2sp5svr,0.0,0.0,3.0,0.0,5.0,0.0,2.0,0.0,0.0,0.0,0.0,
2h786qtko5,0.0,0.0,0.0,0.0,0.0,0.0,1.0,0.0,0.0,0.0,0.0,
tb5m7rb062,0.0,0.0,3.0,1.0,1.0,0.0,2.0,1.0,0.0,0.0,0.0,
5d4zuic7qz,0.0,0.0,3.0,0.0,5.0,0.0,2.0,0.0,0.0,0.0,0.0,
cr9wtgno40,0.0,0.0,2.0,1.0,1.0,0.0,41.0,0.0,41.0,2.0,0.0,
uc0u0e7fqy,0.0,0.0,2.0,4.0,6.0,0.0,30.0,0.0,32.0,1.0,0.0,
ouzgjfmpyo,0.0,0.0,2.0,2.0,1.0,0.0,39.0,0.0,13.0,1.0,0.0,
w7q7eh20pz,0.0,0.0,2.0,5.0,3.0,0.0,10.0,0.0,13.0,2.0,0.0,
rk24c5vkfg,0.0,1.0,2.0,3.0,4.0,1.0,27.0,1.0,13.0,1.0,0.0,
3z864ur0r0,0.0,0.0,2.0,8.0,9.0,0.0,9.0,0.0,12.0,1.0,0.0,
uao19y4i9x,0.0,0.0,2.0,0.0,1.0,0.0,4.0,0.0,10.0,1.0,0.0,
m8kvksqqlc,0.0,0.0,2.0,1.0,6.0,0.0,38.0,0.0,9.0,5.0,4.0,1081.0
ehywy8t24l,0.0,0.0,2.0,1.0,6.0,0.0,4.0,2.0,9.0,1.0,0.0,
kqb5reqxtu,0.0,0.0,2.0,2.0,3.0,0.0,5.0,0.0,8.0,1.0,0.0,
u1zgmgcuzw,0.0,0.0,2.0,0.0,2.0,0.0,4.0,0.0,8.0,1.0,0.0,
jnswggwd88,0.0,0.0,2.0,4.0,4.0,0.0,36.0,0.0,8.0,1.0,0.0,
0cxmpym74h,0.0,0.0,2.0,0.0,3.0,0.0,15.0,0.0,7.0,1.0,0.0,
9rz2rmu0ua,0.0,0.0,2.0,0.0,3.0,0.0,5.0,0.0,6.0,1.0,0.0,
3swzcg8l71,0.0,0.0,2.0,7.0,7.0,0.0,9.0,0.0,6.0,1.0,0.0,
hu9nspzf4t,0.0,0.0,2.0,0.0,2.0,0.0,2.0,0.0,6.0,1.0,0.0,
gmon60hwn3,0.0,0.0,2.0,4.0,8.0,0.0,95.0,3.0,6.0,2.0,0.0,
xcpki7c9fk,0.0,0.0,2.0,1.0,2.0,0.0,12.0,0.0,5.0,1.0,0.0,
esqg97ms5l,0.0,0.0,2.0,0.0,1.0,0.0,2.0,0.0,5.0,1.0,0.0,
prluntvcop,0.0,0.0,2.0,0.0,3.0,0.0,5.0,0.0,5.0,2.0,0.0,
gk9joue93s,0.0,0.0,2.0,0.0,1.0,0.0,7.0,0.0,5.0,1.0,0.0,
hhhb4ak3ic,0.0,0.0,2.0,0.0,2.0,0.0,5.0,0.0,5.0,1.0,0.0,
fpbvfnx6kp,0.0,0.0,2.0,0.0,2.0,0.0,3.0,0.0,5.0,1.0,0.0,
v7tdpedae2,0.0,0.0,2.0,0.0,2.0,0.0,4.0,0.0,4.0,1.0,0.0,
xoowu9ocg8,0.0,0.0,2.0,1.0,1.0,0.0,3.0,1.0,4.0,1.0,0.0,
mvm26f4utu,0.0,0.0,2.0,2.0,4.0,0.0,4.0,2.0,4.0,1.0,0.0,
34im4ger4z,0.0,0.0,4.0,3.0,1.0,0.0,2.0,3.0,0.0,0.0,0.0,
rzngsnf160,0.0,0.0,2.0,0.0,2.0,0.0,7.0,0.0,3.0,1.0,0.0,
0swtpozhrb,0.0,0.0,2.0,0.0,3.0,0.0,1.0,0.0,3.0,1.0,0.0,
pv1pv04v2c,0.0,0.0,2.0,4.0,2.0,0.0,5.0,0.0,3.0,1.0,0.0,
1dxlni3jv0,0.0,0.0,2.0,1.0,2.0,0.0,2.0,6.0,3.0,1.0,0.0,
s3q8f1193v,0.0,0.0,2.0,0.0,1.0,0.0,44.0,0.0,3.0,2.0,0.0,
eb5537bkiw,0.0,0.0,2.0,0.0,2.0,0.0,5.0,0.0,3.0,1.0,0.0,
ia7kuot3s8,0.0,0.0,2.0,0.0,2.0,0.0,2.0,0.0,3.0,1.0,0.0,
bqktgqhkj6,0.0,0.0,2.0,0.0,2.0,0.0,1.0,0.0,3.0,1.0,0.0,
0ompy26u07,0.0,0.0,2.0,0.0,1.0,0.0,2.0,0.0,3.0,1.0,0.0,
2j1oqrz4xk,0.0,0.0,2.0,0.0,1.0,0.0,1.0,0.0,3.0,1.0,0.0,
459q6xkgfg,0.0,0.0,4.0,0.0,2.0,0.0,17.0,0.0,8.0,1.0,0.0,
eqgasau52v,0.0,0.0,2.0,0.0,1.0,0.0,5.0,0.0,2.0,2.0,0.0,
pzfimxqrbv,0.0,0.0,2.0,2.0,2.0,0.0,2.0,2.0,2.0,1.0,0.0,
kukru92tcw,0.0,0.0,2.0,0.0,2.0,0.0,2.0,0.0,2.0,1.0,0.0,
9szbcaweld,0.0,0.0,2.0,2.0,2.0,0.0,3.0,0.0,2.0,1.0,0.0,
7r59kusegg,0.0,0.0,2.0,0.0,1.0,0.0,1.0,0.0,2.0,1.0,0.0,
ni688b4wep,0.0,0.0,2.0,2.0,1.0,0.0,5.0,0.0,2.0,1.0,0.0,
y8dbnmc7ir,0.0,0.0,2.0,0.0,3.0,0.0,1.0,0.0,2.0,1.0,0.0,
cn846ht547,0.0,0.0,2.0,1.0,2.0,0.0,9.0,1.0,2.0,1.0,0.0,
h49i8dofbo,0.0,0.0,2.0,0.0,1.0,0.0,9.0,0.0,2.0,1.0,0.0,
fhcnpu88pu,0.0,0.0,2.0,1.0,2.0,1.0,5.0,1.0,2.0,1.0,0.0,
287bbajfst,0.0,1.0,2.0,3.0,1.0,0.0,3.0,1.0,2.0,1.0,0.0,
zg6tczplj7,0.0,0.0,2.0,0.0,3.0,0.0,6.0,0.0,2.0,1.0,0.0,
3mnfsh6ukv,0.0,0.0,2.0,0.0,2.0,0.0,4.0,0.0,2.0,1.0,0.0,
kxznq0t8s3,0.0,0.0,2.0,3.0,1.0,0.0,6.0,0.0,2.0,1.0,0.0,
doi7qdmqe0,0.0,0.0,2.0,0.0,2.0,0.0,4.0,0.0,2.0,1.0,0.0,
o95ah6dmmy,0.0,0.0,2.0,2.0,2.0,0.0,5.0,0.0,2.0,1.0,0.0,
nz9cbjjlq4,0.0,2.0,2.0,4.0,3.0,0.0,4.0,1.0,2.0,1.0,0.0,
0i0xx6lyuc,0.0,0.0,2.0,2.0,4.0,0.0,8.0,0.0,2.0,1.0,0.0,
dkck2d90ij,0.0,0.0,2.0,0.0,2.0,0.0,3.0,0.0,2.0,1.0,0.0,
ey5xkcty82,0.0,0.0,2.0,3.0,1.0,0.0,2.0,0.0,2.0,1.0,0.0,
y9pnyd45zr,0.0,0.0,2.0,1.0,3.0,0.0,18.0,1.0,13.0,1.0,0.0,
t5a4v8sms6,0.0,0.0,2.0,0.0,4.0,0.0,22.0,0.0,2.0,1.0,0.0,
wk8c2of11g,0.0,1.0,2.0,2.0,2.0,0.0,12.0,1.0,1.0,1.0,0.0,
xbvquutync,0.0,0.0,2.0,2.0,1.0,0.0,15.0,0.0,0.0,0.0,0.0,
x2dz99mpu8,0.0,0.0,2.0,0.0,3.0,0.0,1.0,0.0,1.0,1.0,0.0,
ixrn3b46mp,0.0,0.0,2.0,0.0,1.0,0.0,2.0,0.0,1.0,1.0,0.0,
dmswv8zhoh,0.0,0.0,2.0,0.0,1.0,0.0,1.0,0.0,1.0,1.0,0.0,
pluahc18oo,0.0,0.0,2.0,0.0,1.0,0.0,2.0,0.0,1.0,1.0,0.0,
m0xoijouyi,0.0,3.0,2.0,3.0,4.0,1.0,28.0,2.0,1.0,1.0,0.0,
3j6zkb6ccd,0.0,0.0,2.0,5.0,6.0,0.0,3.0,1.0,1.0,1.0,0.0,
pwncnz904t,0.0,0.0,2.0,0.0,1.0,0.0,5.0,0.0,1.0,1.0,0.0,
bj0w2sxl5o,0.0,0.0,2.0,0.0,1.0,0.0,1.0,0.0,1.0,1.0,0.0,
ipmejkmghk,0.0,0.0,2.0,3.0,3.0,0.0,3.0,0.0,1.0,1.0,0.0,
42kz1ts60i,0.0,0.0,1.0,0.0,0.0,0.0,0.0,0.0,0.0,0.0,0.0,
do56ulgnky,0.0,0.0,2.0,1.0,3.0,0.0,6.0,0.0,1.0,1.0,0.0,
kldq2au8g3,0.0,0.0,2.0,2.0,2.0,0.0,2.0,0.0,1.0,1.0,0.0,
5oo3ctqqal,0.0,0.0,2.0,3.0,2.0,0.0,4.0,0.0,1.0,1.0,0.0,
4lz4vbqtm9,0.0,0.0,2.0,0.0,1.0,0.0,5.0,0.0,1.0,1.0,0.0,
yp8ctcugja,0.0,0.0,2.0,0.0,4.0,0.0,7.0,0.0,0.0,0.0,0.0,
2lgu081xg6,0.0,0.0,2.0,2.0,0.0,0.0,6.0,0.0,0.0,0.0,0.0,
dyqhw0swgt,0.0,0.0,2.0,1.0,1.0,0.0,3.0,0.0,0.0,0.0,0.0,
3bpkdfwkqp,0.0,0.0,2.0,0.0,2.0,0.0,6.0,0.0,0.0,0.0,0.0,
0f5cxkdbjl,0.0,2.0,2.0,2.0,2.0,2.0,7.0,2.0,0.0,0.0,0.0,
51z4ixb4b2,0.0,0.0,2.0,1.0,0.0,0.0,0.0,0.0,0.0,0.0,0.0,
15tx1klw4c,0.0,0.0,2.0,0.0,1.0,0.0,1.0,0.0,0.0,0.0,0.0,
qlx3kjslll,0.0,1.0,2.0,1.0,0.0,0.0,0.0,1.0,0.0,0.0,0.0,
q67fjidwpd,0.0,0.0,2.0,0.0,3.0,0.0,10.0,0.0,0.0,0.0,0.0,
80byfwnwza,0.0,0.0,2.0,0.0,3.0,0.0,1.0,0.0,0.0,0.0,0.0,
1yf9d3fc1c,0.0,0.0,2.0,1.0,1.0,0.0,1.0,0.0,0.0,0.0,0.0,
7psftf8ru5,0.0,0.0,2.0,0.0,1.0,0.0,2.0,0.0,0.0,0.0,0.0,
7uvhssp96f,0.0,0.0,2.0,1.0,2.0,0.0,2.0,0.0,0.0,0.0,0.0,
4hcqoc1myo,0.0,0.0,3.0,2.0,1.0,0.0,3.0,0.0,0.0,0.0,0.0,
fzigjb4d7o,0.0,0.0,2.0,0.0,1.0,0.0,1.0,0.0,0.0,0.0,0.0,
q1y04zm45m,0.0,0.0,2.0,0.0,3.0,0.0,1.0,0.0,0.0,0.0,0.0,
pf0mh5rr3z,0.0,0.0,2.0,3.0,1.0,0.0,1.0,0.0,0.0,0.0,0.0,
4rm8aoimdv,0.0,0.0,2.0,0.0,2.0,0.0,3.0,0.0,0.0,0.0,0.0,
obx5zv94c6,0.0,0.0,2.0,0.0,0.0,0.0,0.0,0.0,0.0,0.0,0.0,
mcuwnhn10q,0.0,0.0,2.0,0.0,1.0,0.0,1.0,0.0,0.0,0.0,0.0,
mxlu22ge22,0.0,0.0,2.0,0.0,2.0,0.0,1.0,0.0,0.0,0.0,0.0,
4uzwt2y8w6,0.0,0.0,2.0,3.0,1.0,0.0,1.0,0.0,0.0,0.0,0.0,
vtvsyauymu,0.0,0.0,2.0,0.0,1.0,0.0,1.0,0.0,0.0,0.0,0.0,
nayyhuj0rv,0.0,0.0,9.0,0.0,3.0,0.0,11.0,0.0,2.0,1.0,0.0,
dmmjbd2xrv,0.0,0.0,2.0,0.0,1.0,0.0,2.0,0.0,0.0,0.0,0.0,
zrv7nsuvad,0.0,0.0,2.0,1.0,2.0,0.0,1.0,0.0,0.0,0.0,0.0,
zuo2e0ran9,0.0,0.0,2.0,0.0,2.0,0.0,1.0,0.0,0.0,0.0,0.0,
2uicy8mrf2,0.0,0.0,2.0,0.0,0.0,0.0,0.0,0.0,0.0,0.0,0.0,
gr6b9axj9j,0.0,0.0,2.0,4.0,5.0,0.0,4.0,0.0,0.0,0.0,0.0,
06l7hnyqv0,0.0,0.0,2.0,0.0,0.0,0.0,0.0,0.0,0.0,0.0,0.0,
w2a3leo0gl,0.0,0.0,2.0,1.0,1.0,0.0,2.0,3.0,0.0,0.0,0.0,
m4iem32kv5,0.0,0.0,2.0,2.0,2.0,0.0,1.0,0.0,0.0,0.0,0.0,
ztbjdqbs95,0.0,0.0,2.0,0.0,2.0,0.0,0.0,0.0,0.0,0.0,0.0,
aom1n28aj4,0.0,0.0,2.0,1.0,2.0,0.0,4.0,0.0,0.0,0.0,0.0,
n486tzqteo,0.0,0.0,1.0,1.0,1.0,0.0,1.0,0.0,0.0,0.0,0.0,
8exegfuofq,0.0,0.0,2.0,2.0,2.0,0.0,0.0,1.0,0.0,0.0,0.0,
xn08czm4cg,0.0,0.0,2.0,0.0,0.0,0.0,3.0,0.0,0.0,0.0,0.0,
u8k5ag09hx,0.0,0.0,2.0,1.0,4.0,0.0,6.0,0.0,0.0,0.0,0.0,
b7z5fmwzsz,0.0,0.0,2.0,0.0,2.0,0.0,1.0,0.0,0.0,0.0,0.0,
ocwnxi9ye7,0.0,0.0,2.0,3.0,2.0,0.0,11.0,0.0,0.0,0.0,0.0,
ta2bhyw6dv,0.0,0.0,2.0,1.0,2.0,0.0,2.0,0.0,0.0,0.0,0.0,
16els42tq3,0.0,0.0,2.0,0.0,3.0,0.0,2.0,0.0,0.0,0.0,0.0,
95aqzz6aa5,0.0,0.0,2.0,1.0,2.0,0.0,6.0,0.0,0.0,0.0,0.0,
gx3fq9fkz2,0.0,0.0,4.0,3.0,4.0,0.0,5.0,0.0,0.0,0.0,0.0,
7we68e6vg1,0.0,0.0,2.0,0.0,2.0,0.0,1.0,0.0,0.0,0.0,0.0,
tqdxivtnho,0.0,0.0,2.0,0.0,1.0,0.0,0.0,0.0,0.0,0.0,0.0,
x2zkhspguh,0.0,0.0,2.0,1.0,0.0,0.0,36.0,0.0,0.0,0.0,0.0,
dewi57i32r,0.0,0.0,2.0,0.0,2.0,0.0,0.0,0.0,0.0,0.0,0.0,
ol9d29peiq,0.0,0.0,2.0,0.0,1.0,0.0,2.0,0.0,0.0,0.0,0.0,
oqoebzmn3z,0.0,0.0,2.0,0.0,0.0,0.0,0.0,0.0,0.0,0.0,0.0,
tz0isw6vzj,0.0,0.0,2.0,3.0,3.0,0.0,2.0,0.0,0.0,0.0,0.0,
5cvzkx2phr,0.0,0.0,2.0,0.0,1.0,0.0,1.0,0.0,0.0,0.0,0.0,
ffokr3hnyf,0.0,0.0,2.0,1.0,1.0,0.0,1.0,0.0,0.0,0.0,0.0,
5gj6vum39t,0.0,0.0,2.0,0.0,1.0,0.0,2.0,0.0,0.0,0.0,0.0,
opxm8rsojv,0.0,0.0,2.0,0.0,2.0,0.0,0.0,0.0,0.0,0.0,0.0,
9a9zxph6k2,0.0,0.0,2.0,0.0,1.0,0.0,1.0,0.0,0.0,0.0,0.0,
934i0z5aec,0.0,0.0,2.0,0.0,2.0,0.0,2.0,0.0,0.0,0.0,0.0,
vp6kfmm70j,0.0,0.0,2.0,0.0,2.0,0.0,2.0,0.0,0.0,0.0,0.0,
mkdd9rcyjr,0.0,0.0,2.0,0.0,0.0,0.0,0.0,0.0,0.0,0.0,0.0,
lwthkee4xh,0.0,2.0,2.0,3.0,5.0,1.0,3.0,19.0,0.0,0.0,0.0,
1j1rzv8all,0.0,0.0,2.0,0.0,1.0,0.0,2.0,0.0,0.0,0.0,0.0,
slssj7k944,0.0,0.0,2.0,1.0,1.0,0.0,5.0,0.0,0.0,0.0,0.0,
evb6yg3zia,0.0,0.0,2.0,0.0,1.0,0.0,1.0,0.0,0.0,0.0,0.0,
wbgu19o7wb,0.0,0.0,2.0,0.0,1.0,0.0,2.0,0.0,0.0,0.0,0.0,
ipzoeytzo3,0.0,0.0,2.0,1.0,2.0,0.0,2.0,0.0,0.0,0.0,0.0,
2ycin0kc5p,0.0,0.0,2.0,0.0,1.0,0.0,1.0,0.0,0.0,0.0,0.0,
0hcd2shu4x,0.0,0.0,2.0,2.0,2.0,0.0,7.0,0.0,0.0,0.0,0.0,
gywyo5bi2c,0.0,0.0,2.0,0.0,1.0,0.0,1.0,0.0,0.0,0.0,0.0,
2syazepjik,0.0,0.0,1.0,0.0,0.0,0.0,4.0,0.0,0.0,0.0,0.0,
p8jjl7wxew,0.0,0.0,1.0,1.0,1.0,0.0,133.0,0.0,41.0,1.0,0.0,
zk49sxg07d,0.0,0.0,1.0,6.0,4.0,0.0,78.0,1.0,20.0,2.0,0.0,
430h6gj8ul,0.0,0.0,1.0,2.0,1.0,0.0,18.0,0.0,15.0,1.0,0.0,
wmpmy100ib,0.0,0.0,1.0,1.0,1.0,0.0,17.0,0.0,15.0,1.0,0.0,
uxyflo1g8o,0.0,0.0,1.0,0.0,1.0,0.0,4.0,0.0,13.0,1.0,0.0,
vqi4o5xp4r,0.0,0.0,1.0,0.0,1.0,0.0,8.0,0.0,13.0,1.0,0.0,
0hhl2y60i2,0.0,0.0,1.0,0.0,2.0,0.0,105.0,0.0,13.0,2.0,0.0,
qsz7q5o9i7,0.0,0.0,1.0,0.0,1.0,0.0,11.0,0.0,11.0,1.0,0.0,
3alrdnt0z5,0.0,0.0,1.0,0.0,3.0,0.0,7.0,0.0,9.0,1.0,0.0,
fxvnmzm0u5,0.0,0.0,4.0,1.0,0.0,0.0,3.0,0.0,0.0,0.0,0.0,
deoaxukwrp,0.0,0.0,19.0,0.0,4.0,0.0,7.0,0.0,5.0,1.0,0.0,
juzfe7b3rx,0.0,0.0,1.0,0.0,1.0,0.0,2.0,0.0,8.0,2.0,0.0,
4i3ymhz164,0.0,0.0,1.0,0.0,1.0,0.0,4.0,0.0,8.0,1.0,0.0,
exao4593sj,0.0,0.0,1.0,0.0,1.0,0.0,18.0,0.0,8.0,1.0,0.0,
ov7itj353e,0.0,0.0,1.0,0.0,1.0,0.0,6.0,0.0,8.0,1.0,0.0,
9qghqea60x,0.0,0.0,1.0,1.0,1.0,0.0,22.0,0.0,6.0,1.0,0.0,
1piyg2st0c,0.0,0.0,1.0,4.0,2.0,0.0,6.0,0.0,6.0,1.0,0.0,
0xe9r204jg,0.0,0.0,1.0,0.0,1.0,0.0,2.0,0.0,6.0,1.0,0.0,
frxbkff0mg,0.0,0.0,1.0,0.0,2.0,0.0,6.0,0.0,6.0,1.0,0.0,
4iihgc576b,0.0,0.0,1.0,1.0,1.0,0.0,9.0,0.0,5.0,2.0,0.0,
58aqqob8vo,0.0,0.0,1.0,2.0,1.0,0.0,6.0,5.0,5.0,1.0,0.0,
qs8l2uu7a9,0.0,0.0,1.0,0.0,1.0,0.0,2.0,0.0,5.0,2.0,0.0,
846rp9rpot,0.0,0.0,1.0,0.0,1.0,0.0,4.0,0.0,5.0,1.0,0.0,
44rzajypzo,0.0,0.0,1.0,0.0,2.0,0.0,4.0,0.0,5.0,1.0,0.0,
0kz22nc6uz,0.0,0.0,1.0,1.0,1.0,0.0,4.0,0.0,5.0,1.0,0.0,
odjfn7mmfp,0.0,0.0,1.0,3.0,2.0,0.0,6.0,0.0,4.0,1.0,0.0,
d1rampqpz8,0.0,0.0,1.0,1.0,1.0,0.0,2.0,0.0,4.0,2.0,0.0,
lsobqzw5li,0.0,0.0,1.0,0.0,1.0,0.0,4.0,0.0,4.0,1.0,0.0,
f6j3h7hodf,0.0,0.0,1.0,0.0,1.0,0.0,8.0,0.0,4.0,1.0,0.0,
qx3076zeqn,0.0,0.0,1.0,0.0,1.0,0.0,6.0,0.0,4.0,1.0,0.0,
3tlqjc4qgk,0.0,0.0,1.0,0.0,1.0,0.0,71.0,0.0,4.0,1.0,0.0,
mklbbslumj,0.0,1.0,1.0,8.0,3.0,1.0,5.0,1.0,3.0,1.0,0.0,
chd687df5q,0.0,1.0,1.0,1.0,2.0,0.0,3.0,3.0,3.0,1.0,0.0,
1otr1mrg9m,0.0,0.0,1.0,0.0,4.0,0.0,6.0,0.0,0.0,0.0,0.0,
d618dceh77,0.0,0.0,1.0,0.0,3.0,0.0,4.0,0.0,3.0,2.0,0.0,
skc040lmzm,0.0,0.0,1.0,0.0,2.0,0.0,3.0,0.0,3.0,1.0,0.0,
edz12tkf9p,0.0,1.0,1.0,1.0,1.0,0.0,16.0,1.0,3.0,1.0,0.0,
3u0j7bvmn4,0.0,0.0,1.0,0.0,3.0,0.0,2.0,0.0,3.0,1.0,0.0,
wrpacenev2,0.0,0.0,1.0,0.0,1.0,0.0,1.0,0.0,3.0,1.0,0.0,
gd3b43y1u2,0.0,0.0,1.0,0.0,2.0,0.0,3.0,0.0,3.0,1.0,0.0,
8y467fjwma,0.0,0.0,1.0,2.0,1.0,0.0,3.0,0.0,3.0,2.0,0.0,
pt6s3ku20x,0.0,0.0,1.0,1.0,1.0,0.0,4.0,0.0,3.0,1.0,0.0,
ikokopfov3,0.0,0.0,0.0,0.0,0.0,0.0,1.0,0.0,0.0,0.0,0.0,
6rxwkcm6cn,0.0,0.0,1.0,0.0,1.0,0.0,6.0,0.0,3.0,1.0,0.0,
uch3jqedcc,0.0,0.0,1.0,0.0,1.0,0.0,5.0,0.0,3.0,1.0,0.0,
a7nyialdon,0.0,0.0,1.0,0.0,1.0,0.0,8.0,0.0,2.0,1.0,0.0,
v3t83q5miz,0.0,0.0,1.0,0.0,1.0,0.0,3.0,0.0,2.0,1.0,0.0,
fq0qd0wkdu,0.0,0.0,1.0,1.0,2.0,0.0,7.0,2.0,2.0,1.0,0.0,
h5zz18l21u,0.0,0.0,1.0,0.0,1.0,0.0,1.0,0.0,2.0,1.0,0.0,
ipu9hy456e,0.0,0.0,1.0,1.0,2.0,0.0,2.0,0.0,2.0,1.0,0.0,
csvtixrf7d,0.0,0.0,1.0,0.0,3.0,0.0,4.0,0.0,2.0,1.0,0.0,
cifx9fgfu7,0.0,0.0,1.0,1.0,1.0,0.0,3.0,1.0,2.0,1.0,0.0,
956mx9cky6,0.0,0.0,1.0,0.0,1.0,0.0,2.0,0.0,2.0,1.0,0.0,
b1lk1lb8a7,0.0,0.0,1.0,0.0,3.0,0.0,4.0,0.0,2.0,1.0,0.0,
jrjbaccl02,0.0,0.0,1.0,2.0,1.0,0.0,7.0,2.0,2.0,1.0,0.0,
0cb34feiqs,0.0,0.0,1.0,0.0,1.0,0.0,3.0,0.0,2.0,1.0,0.0,
ipc6fs41fv,0.0,0.0,1.0,0.0,1.0,0.0,2.0,0.0,2.0,1.0,0.0,
f79pb38tqi,0.0,0.0,1.0,1.0,2.0,0.0,5.0,0.0,2.0,1.0,0.0,
d8osvjrhh8,0.0,0.0,1.0,2.0,2.0,0.0,4.0,0.0,2.0,1.0,0.0,
jojkhriuxr,0.0,0.0,1.0,0.0,2.0,0.0,6.0,0.0,2.0,2.0,0.0,
883jlzmp74,0.0,0.0,1.0,0.0,3.0,0.0,2.0,0.0,2.0,1.0,0.0,
o1avd42wjh,0.0,0.0,1.0,0.0,3.0,0.0,4.0,0.0,2.0,1.0,0.0,
bredmse2bd,0.0,0.0,1.0,0.0,1.0,0.0,11.0,0.0,2.0,1.0,0.0,
e9b1zi7uft,0.0,0.0,1.0,0.0,2.0,0.0,3.0,0.0,2.0,1.0,0.0,
t9zdd4nbny,0.0,0.0,1.0,1.0,1.0,0.0,5.0,0.0,2.0,1.0,0.0,
qint6q3plq,0.0,0.0,1.0,1.0,2.0,0.0,3.0,0.0,2.0,1.0,0.0,
fl8o0zhl5r,0.0,0.0,1.0,0.0,0.0,0.0,0.0,0.0,0.0,0.0,0.0,
a1ufzkjfs3,0.0,0.0,1.0,0.0,1.0,0.0,4.0,0.0,2.0,1.0,0.0,
njoqq452en,0.0,0.0,1.0,1.0,2.0,0.0,3.0,0.0,1.0,1.0,0.0,
zfxsiimilx,0.0,0.0,1.0,0.0,1.0,0.0,9.0,0.0,1.0,1.0,0.0,
inpnciep6y,0.0,0.0,1.0,0.0,3.0,0.0,5.0,0.0,1.0,1.0,0.0,
ea8kb1dczn,0.0,0.0,1.0,0.0,3.0,0.0,43.0,0.0,1.0,1.0,0.0,
e95i8n3l89,0.0,0.0,4.0,2.0,3.0,0.0,11.0,0.0,2.0,1.0,0.0,
q208p94hrk,0.0,0.0,1.0,2.0,1.0,0.0,2.0,3.0,1.0,1.0,0.0,
46hm3m5if7,0.0,0.0,1.0,0.0,1.0,0.0,3.0,0.0,1.0,1.0,0.0,
4gyaxv32bd,0.0,0.0,1.0,0.0,1.0,0.0,2.0,0.0,1.0,1.0,0.0,
hgr9y69so0,0.0,0.0,1.0,0.0,1.0,0.0,1.0,0.0,1.0,1.0,0.0,
wfbxf1skjm,0.0,0.0,1.0,0.0,2.0,0.0,5.0,0.0,1.0,1.0,0.0,
2qo8vcgcsj,0.0,0.0,1.0,0.0,1.0,0.0,2.0,0.0,1.0,1.0,0.0,
8gy5pcndkd,0.0,0.0,1.0,1.0,1.0,0.0,2.0,1.0,1.0,1.0,0.0,
iixkrtsl87,0.0,0.0,1.0,0.0,1.0,0.0,2.0,0.0,1.0,1.0,0.0,
y7jdl2rh2m,0.0,0.0,1.0,1.0,2.0,0.0,2.0,0.0,1.0,1.0,0.0,
4gw0zm6bsc,0.0,0.0,3.0,5.0,4.0,0.0,24.0,4.0,5.0,1.0,0.0,
j1l37b1n43,0.0,0.0,1.0,1.0,0.0,0.0,2.0,0.0,1.0,1.0,0.0,
seu0yj2sws,0.0,0.0,1.0,0.0,1.0,0.0,2.0,0.0,1.0,1.0,0.0,
gtz219p2ow,0.0,0.0,1.0,0.0,1.0,0.0,1.0,0.0,1.0,1.0,0.0,
pyxctrdvcr,0.0,0.0,1.0,0.0,1.0,0.0,2.0,0.0,1.0,1.0,0.0,
lpvdxtbawi,0.0,0.0,1.0,0.0,1.0,0.0,4.0,0.0,1.0,1.0,0.0,
4ja7ncgy8q,0.0,0.0,1.0,0.0,2.0,0.0,5.0,0.0,1.0,1.0,0.0,
itcw8b57z2,0.0,0.0,1.0,1.0,1.0,0.0,6.0,0.0,1.0,1.0,0.0,
k8ukrz61ce,0.0,0.0,1.0,1.0,3.0,0.0,2.0,0.0,1.0,1.0,0.0,
ka4m8tw4hh,0.0,0.0,1.0,0.0,2.0,0.0,4.0,0.0,1.0,1.0,0.0,
dwiux1iv1f,0.0,0.0,1.0,0.0,1.0,0.0,1.0,0.0,1.0,1.0,0.0,
6z8kpvz6k3,0.0,0.0,1.0,0.0,2.0,0.0,2.0,0.0,1.0,1.0,0.0,
wl0ylt8y2e,0.0,0.0,1.0,0.0,1.0,0.0,2.0,0.0,1.0,1.0,0.0,
a5a8jc44gk,0.0,0.0,1.0,1.0,1.0,0.0,2.0,0.0,1.0,1.0,0.0,
a2e7bmcp6n,0.0,0.0,1.0,2.0,2.0,0.0,2.0,0.0,1.0,1.0,0.0,
uitx520hx7,0.0,0.0,1.0,0.0,1.0,0.0,2.0,0.0,1.0,1.0,0.0,
qbfwuumefm,0.0,0.0,1.0,0.0,1.0,0.0,1.0,0.0,1.0,1.0,0.0,
l06etrokdr,0.0,0.0,1.0,0.0,1.0,0.0,3.0,0.0,1.0,1.0,0.0,
nwf1zdqnw1,0.0,0.0,1.0,0.0,2.0,0.0,38.0,0.0,1.0,1.0,0.0,
tvs84vljr1,0.0,0.0,1.0,1.0,1.0,0.0,3.0,0.0,1.0,1.0,0.0,
bp7okg4d45,0.0,0.0,1.0,0.0,2.0,0.0,4.0,0.0,1.0,1.0,0.0,
9w6146or66,0.0,0.0,1.0,0.0,1.0,0.0,2.0,0.0,1.0,1.0,0.0,
4l2yzc07tu,0.0,0.0,1.0,0.0,1.0,0.0,1.0,0.0,1.0,1.0,0.0,
jqdyaee937,0.0,0.0,1.0,0.0,2.0,0.0,3.0,0.0,1.0,1.0,0.0,
i13zqryrlo,0.0,0.0,1.0,1.0,1.0,0.0,4.0,0.0,1.0,1.0,0.0,
06kgsxz1of,0.0,0.0,1.0,1.0,1.0,0.0,6.0,0.0,1.0,1.0,0.0,
lnlgyaqjw0,0.0,0.0,1.0,0.0,2.0,0.0,3.0,0.0,1.0,1.0,0.0,
m21qz0uvbp,0.0,0.0,1.0,0.0,1.0,0.0,46.0,0.0,1.0,1.0,0.0,
ofen870yj5,0.0,0.0,1.0,0.0,1.0,0.0,2.0,0.0,1.0,1.0,0.0,
cfieexumfx,0.0,0.0,1.0,0.0,3.0,0.0,7.0,0.0,1.0,1.0,0.0,
lsvus4pz14,0.0,0.0,1.0,0.0,2.0,0.0,0.0,0.0,0.0,0.0,0.0,
0pghkeuifx,0.0,0.0,3.0,10.0,20.0,0.0,40.0,9.0,8.0,2.0,0.0,
7srh0i7e30,0.0,0.0,1.0,0.0,1.0,0.0,1.0,0.0,1.0,1.0,0.0,
3w0owskqkd,0.0,0.0,1.0,0.0,1.0,0.0,1.0,0.0,1.0,1.0,0.0,
sma08jmr50,0.0,0.0,1.0,0.0,2.0,0.0,8.0,0.0,1.0,1.0,0.0,
r2pn8a7shs,0.0,0.0,1.0,0.0,2.0,0.0,3.0,0.0,1.0,1.0,0.0,
ru1u6tt17n,0.0,0.0,1.0,1.0,1.0,0.0,3.0,0.0,1.0,1.0,0.0,
1i6dyfoket,0.0,0.0,1.0,1.0,2.0,0.0,3.0,0.0,1.0,1.0,0.0,
edx7znnih5,0.0,0.0,1.0,1.0,0.0,0.0,2.0,0.0,1.0,1.0,0.0,
ncb0ym1hhd,0.0,0.0,1.0,0.0,2.0,0.0,1.0,0.0,1.0,1.0,0.0,
1grohp3tbe,0.0,0.0,1.0,0.0,3.0,0.0,3.0,0.0,1.0,1.0,0.0,
c7pjhwiou7,0.0,0.0,1.0,0.0,3.0,0.0,3.0,0.0,1.0,1.0,0.0,
kks60v0qsa,0.0,0.0,1.0,0.0,1.0,0.0,3.0,0.0,1.0,1.0,0.0,
u6n8jw122t,0.0,0.0,3.0,5.0,6.0,0.0,10.0,0.0,6.0,1.0,0.0,
rbclhfoi84,0.0,0.0,3.0,6.0,3.0,0.0,20.0,3.0,30.0,4.0,0.0,
yukd5srkro,0.0,0.0,1.0,0.0,1.0,0.0,2.0,0.0,1.0,1.0,0.0,
wvpr21i9cg,0.0,0.0,1.0,0.0,1.0,0.0,2.0,0.0,1.0,1.0,0.0,
vsluo1mygr,0.0,0.0,1.0,0.0,1.0,0.0,79.0,0.0,1.0,1.0,0.0,
qm3khf4ytx,0.0,0.0,1.0,1.0,1.0,0.0,5.0,0.0,1.0,1.0,0.0,
667j8stqnh,0.0,0.0,8.0,5.0,6.0,0.0,8.0,3.0,0.0,0.0,0.0,
c9wt5ehl0d,0.0,0.0,1.0,1.0,1.0,0.0,2.0,0.0,1.0,1.0,0.0,
8htsd8362i,0.0,0.0,1.0,2.0,1.0,0.0,1.0,0.0,1.0,1.0,0.0,
suihh6r3za,0.0,0.0,1.0,0.0,1.0,0.0,7.0,0.0,1.0,1.0,0.0,
xcunpxj2y7,0.0,0.0,1.0,0.0,1.0,0.0,4.0,0.0,0.0,0.0,0.0,
7nwj9h4rhk,0.0,0.0,1.0,0.0,0.0,0.0,2.0,0.0,0.0,0.0,0.0,
zpwkifrk0h,0.0,0.0,1.0,0.0,0.0,0.0,0.0,0.0,0.0,0.0,0.0,
m41v8zwd4n,0.0,0.0,1.0,0.0,0.0,0.0,0.0,0.0,0.0,0.0,0.0,
vtcxcgq20j,0.0,0.0,1.0,0.0,0.0,0.0,0.0,0.0,0.0,0.0,0.0,
ejdkzl3f5a,0.0,0.0,1.0,2.0,1.0,0.0,1.0,0.0,0.0,0.0,0.0,
2bfynxs47d,0.0,0.0,1.0,0.0,1.0,0.0,1.0,0.0,0.0,0.0,0.0,
anqoxc26pg,0.0,0.0,1.0,0.0,1.0,0.0,1.0,0.0,0.0,0.0,0.0,
y7w2njln0q,0.0,0.0,1.0,0.0,3.0,0.0,2.0,0.0,0.0,0.0,0.0,
6stiertset,0.0,0.0,1.0,0.0,0.0,0.0,0.0,0.0,0.0,0.0,0.0,
s2o5pdylm2,0.0,0.0,1.0,0.0,0.0,0.0,0.0,0.0,0.0,0.0,0.0,
f2nocmjskq,0.0,0.0,1.0,2.0,1.0,0.0,1.0,0.0,0.0,0.0,0.0,
u3cawtmcbm,0.0,0.0,1.0,0.0,1.0,0.0,1.0,0.0,0.0,0.0,0.0,
129pc33o21,0.0,0.0,1.0,1.0,1.0,0.0,4.0,0.0,0.0,0.0,0.0,
ab6l7y158q,0.0,0.0,1.0,0.0,1.0,0.0,2.0,0.0,0.0,0.0,0.0,
69d5riv1um,0.0,0.0,1.0,2.0,0.0,0.0,0.0,0.0,0.0,0.0,0.0,
3207m5d1i5,0.0,0.0,1.0,1.0,1.0,0.0,2.0,0.0,0.0,0.0,0.0,
mdshj57feg,0.0,0.0,1.0,0.0,0.0,0.0,0.0,0.0,0.0,0.0,0.0,
w0gfa671wl,0.0,0.0,1.0,0.0,0.0,0.0,0.0,0.0,0.0,0.0,0.0,
imnfo2okaz,0.0,0.0,1.0,0.0,1.0,0.0,1.0,0.0,0.0,0.0,0.0,
sc26q8tsd0,0.0,0.0,1.0,0.0,1.0,0.0,3.0,0.0,0.0,0.0,0.0,
3d2jneucg2,0.0,0.0,1.0,0.0,0.0,0.0,0.0,0.0,0.0,0.0,0.0,
kvz540m7p6,0.0,0.0,1.0,0.0,1.0,0.0,3.0,0.0,0.0,0.0,0.0,
rw5307b1a9,0.0,0.0,1.0,0.0,1.0,0.0,4.0,0.0,0.0,0.0,0.0,
8xonru2f7c,0.0,0.0,1.0,0.0,3.0,0.0,1.0,0.0,0.0,0.0,0.0,
pilr3mbtrb,0.0,0.0,1.0,3.0,1.0,0.0,1.0,0.0,0.0,0.0,0.0,
soccioiggj,0.0,0.0,1.0,0.0,1.0,0.0,0.0,0.0,0.0,0.0,0.0,
rxcde6jphg,0.0,0.0,1.0,0.0,1.0,0.0,1.0,0.0,0.0,0.0,0.0,
cadlihigi3,0.0,0.0,1.0,1.0,1.0,0.0,1.0,0.0,0.0,0.0,0.0,
i2blcekuf8,0.0,0.0,1.0,1.0,1.0,0.0,3.0,0.0,0.0,0.0,0.0,
xvrbrdijd7,0.0,0.0,1.0,0.0,2.0,0.0,1.0,0.0,0.0,0.0,0.0,
cqmqzod4rx,0.0,1.0,1.0,4.0,2.0,1.0,2.0,1.0,0.0,0.0,0.0,
dqurcdy9ay,0.0,0.0,1.0,0.0,1.0,0.0,1.0,0.0,0.0,0.0,0.0,
vgy6h1v9la,0.0,0.0,1.0,0.0,1.0,0.0,1.0,0.0,0.0,0.0,0.0,
i42671spbf,0.0,0.0,1.0,0.0,1.0,0.0,2.0,0.0,0.0,0.0,0.0,
n9bdnpvbrn,0.0,0.0,1.0,1.0,3.0,0.0,3.0,0.0,0.0,0.0,0.0,
1na3ty37hm,0.0,0.0,1.0,0.0,0.0,0.0,0.0,0.0,0.0,0.0,0.0,
sx5wis0092,0.0,0.0,1.0,0.0,0.0,0.0,0.0,0.0,0.0,0.0,0.0,
s4lnbxhypk,0.0,0.0,1.0,2.0,1.0,0.0,2.0,0.0,0.0,0.0,0.0,
m1f6i0p3lq,0.0,0.0,28.0,4.0,20.0,0.0,77.0,1.0,399.0,2.0,0.0,
dp95wdz2ab,0.0,0.0,1.0,0.0,0.0,0.0,0.0,0.0,0.0,0.0,0.0,
exeyfj8bh2,0.0,0.0,1.0,0.0,0.0,0.0,0.0,0.0,0.0,0.0,0.0,
x2zp08jzxd,0.0,0.0,1.0,0.0,1.0,0.0,0.0,0.0,0.0,0.0,0.0,
98vd3uarhv,0.0,0.0,1.0,0.0,1.0,0.0,1.0,0.0,0.0,0.0,0.0,
xv9rfpeco2,0.0,1.0,1.0,1.0,2.0,0.0,0.0,1.0,0.0,0.0,0.0,
d2dcpi1lsz,0.0,0.0,1.0,0.0,0.0,0.0,0.0,0.0,0.0,0.0,0.0,
8lh9yssg8e,0.0,0.0,1.0,0.0,2.0,0.0,5.0,0.0,0.0,0.0,0.0,
6g971vqfzp,0.0,0.0,1.0,0.0,1.0,0.0,1.0,0.0,0.0,0.0,0.0,
67vpz9akrb,0.0,0.0,1.0,1.0,1.0,0.0,5.0,0.0,0.0,0.0,0.0,
odq4hjb5qb,0.0,0.0,1.0,1.0,1.0,0.0,1.0,0.0,0.0,0.0,0.0,
3y90ulce0o,0.0,0.0,1.0,2.0,2.0,0.0,1.0,1.0,0.0,0.0,0.0,
t53ylgbeda,0.0,0.0,1.0,0.0,0.0,0.0,0.0,0.0,0.0,0.0,0.0,
722zm5ferk,0.0,0.0,1.0,0.0,2.0,0.0,2.0,0.0,0.0,0.0,0.0,
k0ix1y46gn,0.0,0.0,1.0,1.0,3.0,0.0,4.0,0.0,0.0,0.0,0.0,
4vq3609e0m,0.0,0.0,1.0,0.0,0.0,0.0,0.0,0.0,0.0,0.0,0.0,
7isspeiew9,0.0,0.0,1.0,0.0,2.0,0.0,1.0,0.0,0.0,0.0,0.0,
agt6zkxt0q,0.0,0.0,1.0,0.0,1.0,0.0,1.0,0.0,0.0,0.0,0.0,
k4uwnssbhc,0.0,0.0,1.0,1.0,1.0,0.0,2.0,0.0,0.0,0.0,0.0,
davxljp7ln,0.0,0.0,1.0,2.0,0.0,0.0,0.0,0.0,0.0,0.0,0.0,
pmq1edvhv4,0.0,0.0,1.0,0.0,1.0,0.0,0.0,0.0,0.0,0.0,0.0,
99kicldiuo,0.0,0.0,1.0,0.0,0.0,0.0,0.0,0.0,0.0,0.0,0.0,
dl1jfrjiuy,0.0,0.0,1.0,1.0,1.0,0.0,1.0,0.0,0.0,0.0,0.0,
3vb8e1ayr7,0.0,0.0,1.0,1.0,1.0,0.0,1.0,0.0,0.0,0.0,0.0,
rp37nrdj83,0.0,0.0,1.0,0.0,2.0,0.0,2.0,0.0,0.0,0.0,0.0,
2f8adjtndz,0.0,0.0,1.0,1.0,1.0,0.0,1.0,0.0,0.0,0.0,0.0,
3n0m9hamrn,0.0,0.0,1.0,0.0,2.0,0.0,1.0,0.0,0.0,0.0,0.0,
79a7zkkyqj,0.0,0.0,1.0,1.0,0.0,0.0,0.0,1.0,0.0,0.0,0.0,
d7defglkqj,0.0,0.0,1.0,0.0,0.0,0.0,0.0,0.0,0.0,0.0,0.0,
ez7xe4hhzz,0.0,0.0,1.0,2.0,3.0,0.0,4.0,8.0,0.0,0.0,0.0,
wawc5h7hhn,0.0,0.0,1.0,0.0,1.0,0.0,1.0,0.0,0.0,0.0,0.0,
yfj2uippm6,0.0,0.0,1.0,0.0,2.0,0.0,1.0,0.0,0.0,0.0,0.0,
rla0uybzo9,0.0,0.0,1.0,3.0,1.0,0.0,58.0,0.0,0.0,0.0,0.0,
c12ecg9tv8,0.0,0.0,1.0,1.0,0.0,0.0,0.0,0.0,0.0,0.0,0.0,
cn2cvobc23,0.0,0.0,1.0,0.0,3.0,0.0,0.0,0.0,0.0,0.0,0.0,
8dav5moup2,0.0,0.0,1.0,1.0,1.0,0.0,1.0,1.0,0.0,0.0,0.0,
8lvc4tvfsf,0.0,0.0,1.0,0.0,1.0,0.0,2.0,0.0,0.0,0.0,0.0,
nv2pkp2wf3,0.0,0.0,1.0,0.0,1.0,0.0,3.0,0.0,0.0,0.0,0.0,
2pwkyxb248,0.0,0.0,1.0,0.0,2.0,0.0,12.0,0.0,0.0,0.0,0.0,
gpv5xl36e2,0.0,0.0,1.0,0.0,1.0,0.0,1.0,0.0,0.0,0.0,0.0,
svput3otwj,0.0,0.0,1.0,0.0,0.0,0.0,0.0,0.0,0.0,0.0,0.0,
js6gavoqjk,0.0,0.0,1.0,3.0,0.0,0.0,1.0,0.0,0.0,0.0,0.0,
fwg6rnm7qc,0.0,1.0,1.0,1.0,2.0,1.0,0.0,1.0,0.0,0.0,0.0,
d0m2f8q6y6,0.0,0.0,1.0,0.0,1.0,0.0,2.0,0.0,0.0,0.0,0.0,
zde3o8080f,0.0,0.0,1.0,1.0,1.0,0.0,4.0,0.0,0.0,0.0,0.0,
l5l2ie437w,0.0,0.0,1.0,0.0,1.0,0.0,1.0,0.0,0.0,0.0,0.0,
othnbetq15,0.0,0.0,1.0,0.0,1.0,0.0,2.0,0.0,0.0,0.0,0.0,
xwtjyqw717,0.0,1.0,1.0,1.0,2.0,0.0,1.0,1.0,0.0,0.0,0.0,
l8vr7wdz3t,0.0,0.0,1.0,0.0,1.0,0.0,1.0,0.0,0.0,0.0,0.0,
8xxtsoh49r,0.0,0.0,1.0,0.0,1.0,0.0,1.0,0.0,0.0,0.0,0.0,
3p95lwfw8w,0.0,0.0,1.0,0.0,0.0,0.0,1.0,0.0,0.0,0.0,0.0,
frg4gndf1l,0.0,0.0,1.0,0.0,1.0,0.0,0.0,0.0,0.0,0.0,0.0,
8zjf42vt9l,0.0,0.0,1.0,3.0,1.0,0.0,0.0,0.0,0.0,0.0,0.0,
4rspb38a92,0.0,0.0,1.0,0.0,0.0,0.0,0.0,0.0,0.0,0.0,0.0,
t15jllykbs,0.0,0.0,1.0,1.0,0.0,0.0,0.0,0.0,0.0,0.0,0.0,
upxpvfga31,0.0,0.0,1.0,0.0,1.0,0.0,1.0,0.0,0.0,0.0,0.0,
s1zrxvtfng,0.0,0.0,1.0,1.0,1.0,0.0,1.0,0.0,0.0,0.0,0.0,
yle9rl52g6,0.0,0.0,1.0,0.0,1.0,0.0,1.0,0.0,0.0,0.0,0.0,
o6stoi1pkp,0.0,0.0,1.0,3.0,1.0,0.0,1.0,0.0,0.0,0.0,0.0,
oufst1rpvg,0.0,0.0,5.0,4.0,4.0,0.0,9.0,0.0,2.0,1.0,0.0,
npu17e3ef6,0.0,0.0,1.0,0.0,0.0,0.0,0.0,0.0,0.0,0.0,0.0,
7jrolz1rii,0.0,0.0,1.0,0.0,0.0,0.0,0.0,0.0,0.0,0.0,0.0,
ize4wx4n6o,0.0,0.0,1.0,0.0,0.0,0.0,0.0,0.0,0.0,0.0,0.0,
jsl4tgd9iy,0.0,0.0,1.0,1.0,4.0,0.0,3.0,0.0,0.0,0.0,0.0,
jugj8jdjsm,0.0,0.0,1.0,0.0,0.0,0.0,0.0,0.0,0.0,0.0,0.0,
pt8y1zjzi5,0.0,0.0,1.0,1.0,1.0,0.0,0.0,4.0,0.0,0.0,0.0,
4q1po1df8s,0.0,0.0,1.0,0.0,1.0,0.0,2.0,0.0,0.0,0.0,0.0,
brjh6u69xy,0.0,0.0,1.0,0.0,2.0,0.0,2.0,0.0,0.0,0.0,0.0,
9i6pxjncq0,0.0,0.0,1.0,0.0,2.0,0.0,0.0,0.0,0.0,0.0,0.0,
zrq3oh5biw,0.0,0.0,1.0,0.0,0.0,0.0,0.0,0.0,0.0,0.0,0.0,
15t0gmxwna,0.0,0.0,1.0,0.0,0.0,0.0,0.0,0.0,0.0,0.0,0.0,
y58fcqiccg,0.0,0.0,1.0,0.0,1.0,0.0,1.0,0.0,0.0,0.0,0.0,
b02zswy33c,0.0,0.0,1.0,0.0,1.0,0.0,1.0,0.0,0.0,0.0,0.0,
tvd58keicp,0.0,0.0,1.0,0.0,0.0,0.0,1.0,0.0,0.0,0.0,0.0,
u828rwgi33,0.0,0.0,1.0,0.0,1.0,0.0,1.0,0.0,0.0,0.0,0.0,
w32zakct4b,0.0,0.0,1.0,0.0,1.0,0.0,2.0,0.0,0.0,0.0,0.0,
pmwi3x4fau,0.0,0.0,1.0,0.0,1.0,0.0,2.0,0.0,0.0,0.0,0.0,
wqz1x8sqru,0.0,0.0,1.0,0.0,0.0,0.0,2.0,0.0,0.0,0.0,0.0,
8sutf2nynd,0.0,0.0,1.0,0.0,1.0,0.0,1.0,0.0,0.0,0.0,0.0,
1aardw532o,0.0,0.0,1.0,0.0,2.0,0.0,2.0,0.0,0.0,0.0,0.0,
eo3jp67cpx,0.0,0.0,1.0,0.0,0.0,0.0,0.0,0.0,0.0,0.0,0.0,
klr3k0xsmj,0.0,0.0,1.0,1.0,0.0,0.0,0.0,0.0,0.0,0.0,0.0,
pk2bnfds3t,0.0,0.0,5.0,5.0,1.0,0.0,6.0,0.0,1.0,1.0,0.0,
67mxhyi1v4,0.0,0.0,1.0,0.0,1.0,0.0,0.0,0.0,0.0,0.0,0.0,
xiitdl8hw1,0.0,0.0,1.0,0.0,1.0,0.0,0.0,0.0,0.0,0.0,0.0,
uus0pllwck,0.0,0.0,1.0,0.0,1.0,0.0,1.0,0.0,0.0,0.0,0.0,
43rojhqcas,0.0,0.0,1.0,1.0,0.0,0.0,0.0,0.0,0.0,0.0,0.0,
tha00sk5j0,0.0,0.0,1.0,0.0,1.0,0.0,2.0,0.0,0.0,0.0,0.0,
esqfwbpxi5,0.0,0.0,0.0,0.0,0.0,0.0,0.0,0.0,0.0,0.0,0.0,
ryyk8ycnr4,0.0,0.0,1.0,0.0,0.0,0.0,0.0,0.0,0.0,0.0,0.0,
dirk2foktl,0.0,0.0,1.0,0.0,0.0,0.0,0.0,0.0,0.0,0.0,0.0,
hev9rewwus,0.0,0.0,1.0,0.0,2.0,0.0,1.0,0.0,0.0,0.0,0.0,
4esu5gh1aa,0.0,0.0,1.0,0.0,1.0,0.0,1.0,0.0,0.0,0.0,0.0,
5vr3efdjg9,0.0,0.0,1.0,1.0,1.0,0.0,3.0,0.0,0.0,0.0,0.0,
t1kblowtq8,0.0,0.0,1.0,1.0,1.0,0.0,3.0,0.0,0.0,0.0,0.0,
gctw7xrvnk,0.0,0.0,1.0,1.0,1.0,0.0,0.0,0.0,0.0,0.0,0.0,
xinfdzd2pb,0.0,0.0,1.0,1.0,1.0,0.0,3.0,1.0,0.0,0.0,0.0,
1wjm5laxpc,0.0,0.0,1.0,0.0,3.0,0.0,4.0,0.0,0.0,0.0,0.0,
fzeo6v5say,0.0,0.0,1.0,0.0,1.0,0.0,2.0,0.0,0.0,0.0,0.0,
2jqiegx8zm,0.0,0.0,1.0,0.0,1.0,0.0,1.0,0.0,0.0,0.0,0.0,
wkc27j0p9p,0.0,0.0,1.0,1.0,1.0,0.0,1.0,1.0,0.0,0.0,0.0,
dao16v5a0d,0.0,0.0,0.0,0.0,0.0,0.0,0.0,0.0,0.0,0.0,0.0,
hunz6rlvv9,0.0,0.0,1.0,0.0,0.0,0.0,1.0,0.0,0.0,0.0,0.0,
g3wdx1111t,0.0,0.0,1.0,0.0,0.0,0.0,0.0,0.0,0.0,0.0,0.0,
74tjw3o7zy,0.0,0.0,1.0,1.0,2.0,0.0,3.0,0.0,0.0,0.0,0.0,
gvljdyzuhy,0.0,0.0,1.0,0.0,1.0,0.0,0.0,0.0,0.0,0.0,0.0,
6o09de0mvp,0.0,0.0,1.0,0.0,1.0,0.0,9.0,0.0,0.0,0.0,0.0,
f2gxya6vfz,0.0,0.0,1.0,0.0,1.0,0.0,1.0,0.0,0.0,0.0,0.0,
0rbk1fdpvt,0.0,0.0,3.0,6.0,4.0,0.0,5.0,0.0,1.0,1.0,0.0,
mvt0xk16vb,0.0,0.0,1.0,0.0,1.0,0.0,3.0,0.0,0.0,0.0,0.0,
9c55kc7qrb,0.0,0.0,1.0,1.0,1.0,0.0,2.0,0.0,0.0,0.0,0.0,
1gnoug9i5n,0.0,0.0,1.0,1.0,0.0,0.0,0.0,0.0,0.0,0.0,0.0,
oz62h9rnyk,0.0,0.0,1.0,0.0,1.0,0.0,0.0,0.0,0.0,0.0,0.0,
8jznd2xksb,0.0,0.0,3.0,13.0,11.0,0.0,18.0,0.0,11.0,2.0,0.0,
l75piiklza,0.0,0.0,1.0,0.0,0.0,0.0,0.0,0.0,0.0,0.0,0.0,
i3i7awpgh8,0.0,0.0,1.0,1.0,2.0,0.0,2.0,0.0,0.0,0.0,0.0,
y4rx5mj8pl,0.0,0.0,1.0,0.0,2.0,0.0,2.0,0.0,0.0,0.0,0.0,
xqf83sdj8q,0.0,0.0,1.0,0.0,0.0,0.0,0.0,0.0,0.0,0.0,0.0,
rjf7934663,0.0,0.0,1.0,0.0,0.0,0.0,0.0,0.0,0.0,0.0,0.0,
24sndt1mz5,0.0,0.0,1.0,0.0,1.0,0.0,2.0,0.0,0.0,0.0,0.0,
bqher142t8,0.0,0.0,1.0,0.0,1.0,0.0,1.0,0.0,0.0,0.0,0.0,
3skty0go1e,0.0,0.0,1.0,0.0,0.0,0.0,0.0,0.0,0.0,0.0,0.0,
p0us60rl5v,0.0,0.0,1.0,0.0,0.0,0.0,0.0,0.0,0.0,0.0,0.0,
xa73y2wogu,0.0,0.0,1.0,0.0,1.0,0.0,0.0,0.0,0.0,0.0,0.0,
favahzp582,0.0,0.0,1.0,0.0,1.0,0.0,1.0,0.0,0.0,0.0,0.0,
fh76jopyhw,0.0,0.0,1.0,0.0,0.0,0.0,6.0,0.0,0.0,0.0,0.0,
w3fn53w0pu,0.0,0.0,14.0,14.0,12.0,0.0,25.0,0.0,7.0,1.0,0.0,
34le4wi1gu,0.0,0.0,1.0,3.0,1.0,0.0,4.0,0.0,0.0,0.0,0.0,
5h25gmgnma,0.0,0.0,1.0,0.0,1.0,0.0,1.0,0.0,0.0,0.0,0.0,
ku6qiki01l,0.0,0.0,1.0,0.0,0.0,0.0,0.0,0.0,0.0,0.0,0.0,
vpjrpkq5de,0.0,0.0,1.0,0.0,0.0,0.0,0.0,0.0,0.0,0.0,0.0,
su43muln4r,0.0,0.0,1.0,0.0,1.0,0.0,1.0,0.0,0.0,0.0,0.0,
zm9ayjik5c,0.0,0.0,1.0,0.0,0.0,0.0,0.0,0.0,0.0,0.0,0.0,
cnf5fv9v3s,0.0,1.0,1.0,1.0,2.0,0.0,1.0,1.0,0.0,0.0,0.0,
pt5ivzl5ky,0.0,0.0,1.0,0.0,1.0,0.0,1.0,0.0,0.0,0.0,0.0,
iwgxmmw86e,0.0,0.0,1.0,1.0,1.0,0.0,0.0,0.0,0.0,0.0,0.0,
2iwnmg621b,0.0,0.0,1.0,0.0,0.0,0.0,0.0,0.0,0.0,0.0,0.0,
aquwp129wp,0.0,0.0,1.0,0.0,0.0,0.0,0.0,0.0,0.0,0.0,0.0,
htipr5158e,0.0,0.0,1.0,0.0,0.0,0.0,0.0,0.0,0.0,0.0,0.0,
988a64mhn5,0.0,0.0,1.0,0.0,1.0,0.0,1.0,0.0,0.0,0.0,0.0,
j8qhe6hntz,0.0,0.0,8.0,0.0,4.0,0.0,2.0,0.0,0.0,0.0,0.0,
b9s3fjftm8,0.0,0.0,1.0,0.0,2.0,0.0,1.0,0.0,0.0,0.0,0.0,
1mgxa6rn85,0.0,0.0,1.0,0.0,3.0,0.0,14.0,0.0,0.0,0.0,0.0,
407o8u0pwy,0.0,0.0,1.0,0.0,4.0,0.0,3.0,0.0,0.0,0.0,0.0,
6jp4ao8nb3,0.0,0.0,1.0,2.0,2.0,0.0,2.0,1.0,0.0,0.0,0.0,
i3650qpjl2,0.0,0.0,1.0,0.0,2.0,0.0,6.0,0.0,0.0,0.0,0.0,
rgk5ng5nhc,0.0,0.0,1.0,2.0,1.0,0.0,7.0,0.0,0.0,0.0,0.0,
tzqze2mm84,0.0,0.0,1.0,0.0,1.0,0.0,0.0,0.0,0.0,0.0,0.0,
wsg3dwx3es,0.0,0.0,1.0,1.0,1.0,0.0,0.0,1.0,0.0,0.0,0.0,
jltdu1110l,0.0,0.0,1.0,0.0,1.0,0.0,2.0,0.0,0.0,0.0,0.0,
6ueus0iefr,0.0,0.0,1.0,0.0,1.0,0.0,0.0,0.0,0.0,0.0,0.0,
xz1auxaxtn,0.0,0.0,1.0,0.0,1.0,0.0,4.0,0.0,0.0,0.0,0.0,
2aewh5tvjz,0.0,0.0,1.0,2.0,1.0,0.0,2.0,0.0,0.0,0.0,0.0,
16zuyvla37,0.0,0.0,1.0,0.0,1.0,0.0,5.0,0.0,0.0,0.0,0.0,
t8ppmjbez7,0.0,0.0,1.0,0.0,2.0,0.0,2.0,0.0,0.0,0.0,0.0,
feusr5dz6d,0.0,0.0,1.0,1.0,0.0,0.0,0.0,0.0,0.0,0.0,0.0,
651f2qciyu,0.0,0.0,1.0,0.0,1.0,0.0,1.0,0.0,0.0,0.0,0.0,
iom648423u,0.0,0.0,1.0,0.0,2.0,0.0,2.0,0.0,0.0,0.0,0.0,
ad43j25til,0.0,0.0,1.0,0.0,1.0,0.0,1.0,0.0,0.0,0.0,0.0,
xp68q33vtv,0.0,0.0,1.0,0.0,1.0,0.0,1.0,0.0,0.0,0.0,0.0,
0u56h7nqlf,0.0,0.0,1.0,0.0,0.0,0.0,0.0,0.0,0.0,0.0,0.0,
n508xhyl9i,0.0,0.0,1.0,0.0,2.0,0.0,2.0,0.0,0.0,0.0,0.0,
gudpmtxrq2,0.0,0.0,1.0,0.0,2.0,0.0,3.0,0.0,0.0,0.0,0.0,
cf2gj45s56,0.0,0.0,1.0,0.0,0.0,0.0,0.0,0.0,0.0,0.0,0.0,
w3262se959,0.0,0.0,1.0,2.0,2.0,0.0,2.0,0.0,0.0,0.0,0.0,
un418bgzzk,0.0,0.0,1.0,0.0,0.0,0.0,0.0,0.0,0.0,0.0,0.0,
f5gm8ql9og,0.0,0.0,1.0,0.0,0.0,0.0,0.0,0.0,0.0,0.0,0.0,
l1jn3uhvve,0.0,0.0,1.0,0.0,2.0,0.0,1.0,0.0,0.0,0.0,0.0,
xtbil5o2oc,0.0,0.0,1.0,0.0,1.0,0.0,2.0,0.0,0.0,0.0,0.0,
l1edn04qfm,0.0,0.0,1.0,0.0,2.0,0.0,4.0,0.0,0.0,0.0,0.0,
31pqz3o7lc,0.0,0.0,1.0,1.0,3.0,0.0,5.0,0.0,0.0,0.0,0.0,
d6ckxh8czf,0.0,0.0,1.0,0.0,0.0,0.0,0.0,0.0,0.0,0.0,0.0,
gkjjub7yqm,0.0,0.0,1.0,1.0,3.0,0.0,1.0,0.0,0.0,0.0,0.0,
q6iu5tgf8j,0.0,0.0,1.0,1.0,2.0,0.0,3.0,0.0,0.0,0.0,0.0,
n1cydye27s,0.0,0.0,1.0,0.0,1.0,0.0,1.0,0.0,0.0,0.0,0.0,
5m51zcp9fy,0.0,0.0,1.0,0.0,0.0,0.0,0.0,0.0,0.0,0.0,0.0,
qf9rozow04,0.0,0.0,1.0,2.0,3.0,0.0,4.0,2.0,0.0,0.0,0.0,
8guz3bt82u,0.0,0.0,1.0,0.0,1.0,0.0,1.0,0.0,0.0,0.0,0.0,
77bh2z4b87,0.0,0.0,0.0,0.0,2.0,0.0,73.0,0.0,7.0,1.0,0.0,
xiho40zprr,0.0,0.0,0.0,0.0,2.0,0.0,148.0,0.0,5.0,1.0,0.0,
4nbqtcznx0,0.0,0.0,0.0,1.0,0.0,0.0,3.0,0.0,4.0,1.0,0.0,
a5ca0eaypl,0.0,0.0,0.0,1.0,1.0,0.0,5.0,1.0,4.0,1.0,0.0,
jiynq3567z,0.0,0.0,0.0,0.0,0.0,0.0,3.0,0.0,4.0,1.0,0.0,
luq5hndn0m,0.0,0.0,0.0,0.0,0.0,0.0,8.0,0.0,3.0,1.0,0.0,
kowhckpzwu,0.0,0.0,0.0,0.0,0.0,0.0,10.0,0.0,2.0,1.0,0.0,
f8pwmg1m67,0.0,0.0,0.0,0.0,1.0,0.0,5.0,0.0,2.0,1.0,0.0,
zcbbeliu8j,0.0,0.0,0.0,0.0,0.0,0.0,3.0,0.0,1.0,1.0,0.0,
bmsktvwztk,0.0,0.0,0.0,0.0,1.0,0.0,5.0,0.0,1.0,1.0,0.0,
au985cxcb3,0.0,0.0,0.0,0.0,0.0,0.0,28.0,0.0,1.0,1.0,0.0,
g9vqn0hrpn,0.0,0.0,0.0,0.0,0.0,0.0,0.0,0.0,0.0,0.0,0.0,
zn2usf2nqq,0.0,0.0,0.0,0.0,0.0,0.0,0.0,0.0,0.0,0.0,0.0,
3yfwdnpct8,0.0,0.0,0.0,0.0,0.0,0.0,1.0,0.0,0.0,0.0,0.0,
iwgzll64on,0.0,0.0,0.0,0.0,0.0,0.0,0.0,0.0,0.0,0.0,0.0,
mnuvpl0ayi,0.0,0.0,0.0,0.0,0.0,0.0,0.0,0.0,0.0,0.0,0.0,
k9y6c7xzv5,0.0,0.0,3.0,3.0,7.0,0.0,28.0,3.0,31.0,1.0,0.0,
d9vl4b1idx,0.0,0.0,0.0,0.0,0.0,0.0,0.0,0.0,0.0,0.0,0.0,
0al4xmw0y5,0.0,0.0,0.0,0.0,0.0,0.0,0.0,0.0,0.0,0.0,0.0,
u9wzjpnj7l,0.0,0.0,0.0,0.0,0.0,0.0,0.0,0.0,0.0,0.0,0.0,
c70jqrv9y3,0.0,0.0,1.0,0.0,0.0,0.0,7.0,0.0,0.0,0.0,0.0,
ss3kxfhyhw,0.0,0.0,0.0,0.0,0.0,0.0,0.0,0.0,0.0,0.0,0.0,
fl0l0m6erv,0.0,0.0,0.0,0.0,0.0,0.0,0.0,0.0,0.0,0.0,0.0,
9nnb5p2t3t,0.0,0.0,0.0,0.0,0.0,0.0,0.0,0.0,0.0,0.0,0.0,
ttsl95qanj,0.0,0.0,0.0,0.0,0.0,0.0,0.0,0.0,0.0,0.0,0.0,
b3r15ig6nh,0.0,0.0,0.0,0.0,0.0,0.0,1.0,0.0,0.0,0.0,0.0,
afy940qy4j,0.0,0.0,0.0,0.0,0.0,0.0,0.0,0.0,0.0,0.0,0.0,
jemc3czhju,0.0,0.0,0.0,0.0,0.0,0.0,0.0,0.0,0.0,0.0,0.0,
1tz6i1dew6,0.0,0.0,0.0,0.0,0.0,0.0,0.0,0.0,0.0,0.0,0.0,
idf957mo2l,0.0,0.0,0.0,0.0,0.0,0.0,0.0,0.0,0.0,0.0,0.0,
bzzvimwk85,0.0,0.0,0.0,0.0,0.0,0.0,4.0,0.0,0.0,0.0,0.0,
z3gi8jn415,0.0,0.0,0.0,0.0,0.0,0.0,0.0,0.0,0.0,0.0,0.0,
l5l5mn04my,0.0,0.0,0.0,0.0,0.0,0.0,0.0,0.0,0.0,0.0,0.0,
mn2yivfqnv,0.0,0.0,0.0,0.0,0.0,0.0,0.0,0.0,0.0,0.0,0.0,
0idxev2qdq,0.0,0.0,0.0,0.0,0.0,0.0,0.0,0.0,0.0,0.0,0.0,
k80hld0lw8,0.0,0.0,0.0,0.0,0.0,0.0,0.0,0.0,0.0,0.0,0.0,
chto66yso2,0.0,0.0,0.0,0.0,0.0,0.0,0.0,0.0,0.0,0.0,0.0,
5uo0287ygp,0.0,0.0,1.0,0.0,1.0,0.0,2.0,0.0,0.0,0.0,0.0,
h4xpxlnlgx,0.0,0.0,0.0,0.0,0.0,0.0,0.0,0.0,0.0,0.0,0.0,
a5s4zfczho,0.0,0.0,0.0,0.0,0.0,0.0,0.0,0.0,0.0,0.0,0.0,
ytnfenr9xu,0.0,0.0,0.0,0.0,0.0,0.0,0.0,0.0,0.0,0.0,0.0,
hkwu6ybht7,0.0,0.0,0.0,0.0,0.0,0.0,0.0,0.0,0.0,0.0,0.0,
za4xiin7y6,0.0,0.0,0.0,0.0,0.0,0.0,0.0,0.0,0.0,0.0,0.0,
llntqouh0z,0.0,0.0,0.0,0.0,0.0,0.0,0.0,0.0,0.0,0.0,0.0,
gx11uv69bb,0.0,0.0,3.0,5.0,1.0,0.0,29.0,0.0,24.0,1.0,0.0,
3qhlnw9tvn,0.0,0.0,0.0,0.0,0.0,0.0,0.0,0.0,0.0,0.0,0.0,
hgf1urzpe2,0.0,0.0,0.0,0.0,0.0,0.0,0.0,0.0,0.0,0.0,0.0,
z10e0r2f1l,0.0,0.0,0.0,0.0,0.0,0.0,0.0,0.0,0.0,0.0,0.0,
jgnrx8vg68,0.0,0.0,0.0,0.0,0.0,0.0,0.0,0.0,0.0,0.0,0.0,
g73o8jci9o,0.0,0.0,0.0,0.0,0.0,0.0,0.0,0.0,0.0,0.0,0.0,
kf85n0l3wp,0.0,0.0,0.0,0.0,0.0,0.0,0.0,0.0,0.0,0.0,0.0,
58by895z26,0.0,0.0,0.0,0.0,0.0,0.0,0.0,0.0,0.0,0.0,0.0,
ga5rqaonfi,0.0,0.0,0.0,0.0,0.0,0.0,0.0,0.0,0.0,0.0,0.0,
23fuelcqu9,0.0,0.0,0.0,0.0,0.0,0.0,0.0,0.0,0.0,0.0,0.0,
8ng441efvg,0.0,0.0,0.0,0.0,0.0,0.0,0.0,0.0,0.0,0.0,0.0,
t9skd66bwb,0.0,0.0,0.0,0.0,0.0,0.0,0.0,0.0,0.0,0.0,0.0,
q7c8xmdrwn,0.0,0.0,0.0,0.0,0.0,0.0,0.0,0.0,0.0,0.0,0.0,
4to58fyigc,0.0,0.0,0.0,0.0,0.0,0.0,0.0,0.0,0.0,0.0,0.0,
uwemx9mrj8,0.0,0.0,0.0,0.0,0.0,0.0,0.0,0.0,0.0,0.0,0.0,
o2o2dlroii,0.0,0.0,0.0,0.0,0.0,0.0,0.0,0.0,0.0,0.0,0.0,
e3mnkw922c,0.0,0.0,0.0,0.0,0.0,0.0,0.0,0.0,0.0,0.0,0.0,
5klshgh64a,0.0,0.0,0.0,0.0,0.0,0.0,0.0,0.0,0.0,0.0,0.0,
k45nfi9vo0,0.0,0.0,2.0,0.0,2.0,0.0,3.0,0.0,2.0,1.0,0.0,
16ne7f05bo,0.0,0.0,0.0,0.0,0.0,0.0,0.0,0.0,0.0,0.0,0.0,
cqu9no2flf,0.0,0.0,0.0,0.0,0.0,0.0,0.0,0.0,0.0,0.0,0.0,
9nvqql0o84,0.0,0.0,0.0,0.0,0.0,0.0,0.0,0.0,0.0,0.0,0.0,
frnmvf0mmu,0.0,0.0,0.0,0.0,0.0,0.0,0.0,0.0,0.0,0.0,0.0,
8gjn9au4nw,0.0,0.0,0.0,0.0,0.0,0.0,0.0,0.0,0.0,0.0,0.0,
pyoyn0wjk3,0.0,0.0,0.0,0.0,0.0,0.0,0.0,0.0,0.0,0.0,0.0,
wa6z0tsffy,0.0,0.0,0.0,0.0,0.0,0.0,0.0,0.0,0.0,0.0,0.0,
h59y7sipar,0.0,0.0,0.0,0.0,0.0,0.0,0.0,0.0,0.0,0.0,0.0,
e22dbzrpbf,0.0,0.0,0.0,0.0,0.0,0.0,1.0,0.0,0.0,0.0,0.0,
4by7gxs9ex,0.0,0.0,0.0,0.0,0.0,0.0,0.0,0.0,0.0,0.0,0.0,
8zsreofn1c,0.0,0.0,0.0,0.0,0.0,0.0,0.0,0.0,0.0,0.0,0.0,
iuhtdh0w0o,0.0,0.0,0.0,0.0,0.0,0.0,0.0,0.0,0.0,0.0,0.0,
cbni6talyp,0.0,0.0,0.0,0.0,0.0,0.0,0.0,0.0,0.0,0.0,0.0,
sqd5rr4r1s,0.0,0.0,0.0,0.0,0.0,0.0,0.0,0.0,0.0,0.0,0.0,
fhvo1fsn8j,0.0,0.0,0.0,0.0,0.0,0.0,0.0,0.0,0.0,0.0,0.0,
t2qdf9u3z4,0.0,0.0,0.0,0.0,0.0,0.0,0.0,0.0,0.0,0.0,0.0,
a5ec5uhr59,0.0,0.0,0.0,0.0,0.0,0.0,0.0,0.0,0.0,0.0,0.0,
i2goxxb3xu,0.0,0.0,0.0,0.0,0.0,0.0,0.0,0.0,0.0,0.0,0.0,
fvtujk3395,0.0,0.0,0.0,0.0,0.0,0.0,3.0,0.0,0.0,0.0,0.0,
gz7phdvbrk,0.0,0.0,0.0,0.0,0.0,0.0,0.0,0.0,0.0,0.0,0.0,
3ceur9lgjp,0.0,0.0,0.0,0.0,0.0,0.0,0.0,0.0,0.0,0.0,0.0,
fz3lnfxoeu,0.0,0.0,0.0,0.0,0.0,0.0,0.0,0.0,0.0,0.0,0.0,
01ebj55qg4,0.0,0.0,0.0,0.0,0.0,0.0,0.0,0.0,0.0,0.0,0.0,
mogpi64vb9,0.0,0.0,0.0,0.0,0.0,0.0,0.0,0.0,0.0,0.0,0.0,
5nnygb6a0v,0.0,0.0,0.0,0.0,0.0,0.0,0.0,0.0,0.0,0.0,0.0,
x5c9j6ks0d,0.0,0.0,0.0,0.0,0.0,0.0,0.0,0.0,0.0,0.0,0.0,
4mnjtl2l2c,0.0,0.0,0.0,0.0,0.0,0.0,0.0,0.0,0.0,0.0,0.0,
ndbyk0q8de,0.0,0.0,0.0,0.0,0.0,0.0,0.0,0.0,0.0,0.0,0.0,
0dz9xla3ib,0.0,0.0,0.0,0.0,0.0,0.0,0.0,0.0,0.0,0.0,0.0,
v2ko0ypoyh,0.0,0.0,0.0,0.0,0.0,0.0,0.0,0.0,0.0,0.0,0.0,
xgf6tph6wl,0.0,0.0,0.0,0.0,0.0,0.0,3.0,0.0,0.0,0.0,0.0,
5n95nupefx,0.0,0.0,0.0,0.0,0.0,0.0,0.0,0.0,0.0,0.0,0.0,
cvms9j8xk0,0.0,0.0,2.0,0.0,1.0,0.0,16.0,0.0,3.0,2.0,0.0,
ya9z7fps7j,0.0,0.0,3.0,0.0,2.0,0.0,12.0,0.0,14.0,1.0,0.0,
winyklrhd5,0.0,0.0,0.0,0.0,0.0,0.0,0.0,0.0,0.0,0.0,0.0,
e5b33rpmew,0.0,0.0,5.0,5.0,1.0,0.0,33.0,1.0,18.0,1.0,0.0,
us627djylf,0.0,0.0,0.0,0.0,0.0,0.0,0.0,0.0,0.0,0.0,0.0,
io1xmdnc3y,0.0,0.0,0.0,0.0,0.0,0.0,0.0,0.0,0.0,0.0,0.0,
bhppkh2z56,0.0,0.0,0.0,0.0,0.0,0.0,0.0,0.0,0.0,0.0,0.0,
t682k9j4eq,0.0,0.0,0.0,0.0,0.0,0.0,0.0,0.0,0.0,0.0,0.0,
5kvs4n0qdr,0.0,0.0,0.0,0.0,0.0,0.0,0.0,0.0,0.0,0.0,0.0,
lwvp46k142,0.0,0.0,0.0,0.0,0.0,0.0,1.0,0.0,0.0,0.0,0.0,
absn0pwwy0,0.0,0.0,0.0,0.0,0.0,0.0,0.0,0.0,0.0,0.0,0.0,
4tq8xs23dy,0.0,0.0,0.0,0.0,0.0,0.0,0.0,0.0,0.0,0.0,0.0,
6m1u0inev9,0.0,0.0,0.0,0.0,0.0,0.0,0.0,0.0,0.0,0.0,0.0,
38k4pvm1rr,0.0,0.0,0.0,0.0,0.0,0.0,0.0,0.0,0.0,0.0,0.0,
ih3lharu32,0.0,0.0,0.0,0.0,0.0,0.0,1.0,0.0,0.0,0.0,0.0,
tilu2r3va4,0.0,0.0,0.0,0.0,0.0,0.0,0.0,0.0,0.0,0.0,0.0,
w1x80o760c,0.0,0.0,0.0,0.0,0.0,0.0,0.0,0.0,0.0,0.0,0.0,
pqexb4malr,0.0,0.0,0.0,0.0,0.0,0.0,0.0,0.0,0.0,0.0,0.0,
9vxxf0q4zy,0.0,0.0,0.0,0.0,0.0,0.0,0.0,0.0,0.0,0.0,0.0,
a3s81lrxrj,0.0,0.0,0.0,0.0,0.0,0.0,0.0,0.0,0.0,0.0,0.0,
ff7ypnha55,0.0,0.0,0.0,0.0,0.0,0.0,0.0,0.0,0.0,0.0,0.0,
9tp2jtw6i2,0.0,0.0,0.0,0.0,0.0,0.0,0.0,0.0,0.0,0.0,0.0,
a7r66w9web,0.0,0.0,0.0,0.0,0.0,0.0,0.0,0.0,0.0,0.0,0.0,
x6pkfpmqpd,0.0,0.0,0.0,0.0,0.0,0.0,0.0,0.0,0.0,0.0,0.0,
1ewltblyd7,0.0,0.0,0.0,0.0,0.0,0.0,0.0,0.0,0.0,0.0,0.0,
s7ptrbvymj,0.0,0.0,0.0,0.0,0.0,0.0,0.0,0.0,0.0,0.0,0.0,
yghjhaciwp,0.0,0.0,0.0,0.0,0.0,0.0,0.0,0.0,0.0,0.0,0.0,
xaggv5zggy,0.0,0.0,0.0,0.0,0.0,0.0,0.0,0.0,0.0,0.0,0.0,
ibml3784a4,0.0,0.0,0.0,0.0,0.0,0.0,0.0,0.0,0.0,0.0,0.0,
uymqeo2z60,0.0,0.0,0.0,0.0,0.0,0.0,0.0,0.0,0.0,0.0,0.0,
nh8l5dv8ai,0.0,0.0,0.0,0.0,0.0,0.0,1.0,0.0,1.0,1.0,0.0,
b87xehqssm,0.0,0.0,0.0,0.0,0.0,0.0,0.0,0.0,0.0,0.0,0.0,
4j6fujneem,0.0,0.0,0.0,0.0,0.0,0.0,0.0,0.0,0.0,0.0,0.0,
flm1l1cwoe,0.0,0.0,0.0,0.0,0.0,0.0,0.0,0.0,0.0,0.0,0.0,
dlox5mrn6a,0.0,0.0,1.0,0.0,2.0,0.0,7.0,0.0,1.0,1.0,0.0,
wv6wc3fcco,0.0,0.0,0.0,0.0,0.0,0.0,0.0,0.0,0.0,0.0,0.0,
16qswsc480,0.0,0.0,0.0,0.0,0.0,0.0,0.0,0.0,0.0,0.0,0.0,
s1z0rugswv,0.0,0.0,0.0,0.0,0.0,0.0,0.0,0.0,0.0,0.0,0.0,
qxc22br7fe,0.0,0.0,0.0,0.0,0.0,0.0,0.0,0.0,0.0,0.0,0.0,
zugno74tva,0.0,0.0,0.0,0.0,0.0,0.0,0.0,0.0,0.0,0.0,0.0,
y64ph11vu8,0.0,0.0,0.0,0.0,0.0,0.0,0.0,0.0,0.0,0.0,0.0,
f9n238jlur,0.0,0.0,0.0,0.0,0.0,0.0,0.0,0.0,0.0,0.0,0.0,
uhggx6wggm,0.0,0.0,0.0,0.0,0.0,0.0,0.0,0.0,0.0,0.0,0.0,
6lc2gltfq1,0.0,0.0,0.0,0.0,0.0,0.0,0.0,0.0,0.0,0.0,0.0,
gllebb4l3j,0.0,0.0,0.0,0.0,0.0,0.0,0.0,0.0,0.0,0.0,0.0,
tgp8gtywkh,0.0,0.0,0.0,0.0,0.0,0.0,0.0,0.0,0.0,0.0,0.0,
oo89shmml0,0.0,0.0,0.0,0.0,0.0,0.0,0.0,0.0,0.0,0.0,0.0,
8ny4amkxxp,0.0,0.0,0.0,0.0,0.0,0.0,0.0,0.0,0.0,0.0,0.0,
ln7anf0mt3,0.0,0.0,0.0,0.0,0.0,0.0,0.0,0.0,0.0,0.0,0.0,
bcip503vc6,0.0,0.0,0.0,0.0,0.0,0.0,0.0,0.0,0.0,0.0,0.0,
zyga1pud0v,0.0,0.0,0.0,0.0,0.0,0.0,0.0,0.0,0.0,0.0,0.0,
wnqaokv9w1,0.0,0.0,0.0,0.0,0.0,0.0,0.0,0.0,0.0,0.0,0.0,
5z6ho39vjx,0.0,0.0,0.0,0.0,0.0,0.0,0.0,0.0,0.0,0.0,0.0,
xb7xls8ixi,0.0,0.0,0.0,0.0,0.0,0.0,0.0,0.0,0.0,0.0,0.0,
xzjedzwa90,0.0,0.0,0.0,0.0,0.0,0.0,0.0,0.0,0.0,0.0,0.0,
gsib8mnp18,0.0,0.0,0.0,0.0,0.0,0.0,0.0,0.0,0.0,0.0,0.0,
44c7oyi3uf,0.0,0.0,0.0,0.0,0.0,0.0,0.0,0.0,0.0,0.0,0.0,
826zll6ka4,0.0,0.0,0.0,0.0,0.0,0.0,0.0,0.0,0.0,0.0,0.0,
z56ndeecbi,0.0,0.0,0.0,0.0,0.0,0.0,0.0,0.0,0.0,0.0,0.0,
x5esjr0ro0,0.0,0.0,0.0,0.0,0.0,0.0,0.0,0.0,0.0,0.0,0.0,
mz61pd0a6x,0.0,0.0,2.0,1.0,1.0,0.0,5.0,0.0,0.0,0.0,0.0,
qhljgxhak8,0.0,0.0,0.0,0.0,0.0,0.0,0.0,0.0,0.0,0.0,0.0,
td6zy3a3fy,0.0,0.0,0.0,0.0,0.0,0.0,0.0,0.0,0.0,0.0,0.0,
u3s8l9v5g0,0.0,0.0,0.0,0.0,0.0,0.0,0.0,0.0,0.0,0.0,0.0,
8ia0fxr8vn,0.0,0.0,0.0,0.0,0.0,0.0,0.0,0.0,0.0,0.0,0.0,
x43ozxh89b,0.0,0.0,0.0,0.0,0.0,0.0,0.0,0.0,0.0,0.0,0.0,
0haug0gwgs,0.0,0.0,0.0,0.0,0.0,0.0,0.0,0.0,0.0,0.0,0.0,
nr1zllpu97,0.0,0.0,0.0,0.0,0.0,0.0,0.0,0.0,0.0,0.0,0.0,
93as57hic3,0.0,0.0,0.0,0.0,0.0,0.0,69.0,0.0,0.0,0.0,0.0,
k0be36xx3q,0.0,0.0,0.0,0.0,0.0,0.0,0.0,0.0,0.0,0.0,0.0,
i6kdvfyujn,0.0,0.0,0.0,0.0,0.0,0.0,0.0,0.0,0.0,0.0,0.0,
bc50gdrkhs,0.0,0.0,0.0,0.0,0.0,0.0,1.0,0.0,0.0,0.0,0.0,
xru1wchb16,0.0,0.0,0.0,0.0,0.0,0.0,0.0,0.0,0.0,0.0,0.0,
drlh2rimse,0.0,0.0,0.0,0.0,0.0,0.0,0.0,0.0,0.0,0.0,0.0,
775aa5b389,0.0,0.0,0.0,0.0,0.0,0.0,1.0,0.0,0.0,0.0,0.0,
elebf7l5p7,0.0,0.0,0.0,0.0,0.0,0.0,1.0,0.0,0.0,0.0,0.0,
p8365yha55,0.0,0.0,0.0,0.0,0.0,0.0,2.0,0.0,0.0,0.0,0.0,
w4u23bvqni,0.0,0.0,0.0,0.0,0.0,0.0,30.0,0.0,0.0,0.0,0.0,
ohiger5o8f,0.0,0.0,0.0,0.0,0.0,0.0,0.0,0.0,0.0,0.0,0.0,
gql38a4q5c,0.0,0.0,0.0,0.0,0.0,0.0,1.0,0.0,0.0,0.0,0.0,
mho04aw675,0.0,0.0,0.0,0.0,0.0,0.0,0.0,0.0,0.0,0.0,0.0,
6i9kqxgbik,0.0,0.0,0.0,0.0,0.0,0.0,1.0,0.0,0.0,0.0,0.0,
1coztjj5td,0.0,0.0,0.0,0.0,1.0,0.0,0.0,0.0,0.0,0.0,0.0,
7fsna9y3pc,0.0,0.0,4.0,3.0,2.0,0.0,13.0,0.0,6.0,1.0,0.0,
2qqd2da9gi,0.0,0.0,0.0,0.0,0.0,0.0,0.0,0.0,0.0,0.0,0.0,
xw4va0w45f,0.0,0.0,0.0,0.0,0.0,0.0,0.0,0.0,0.0,0.0,0.0,
ta3reimcog,0.0,0.0,0.0,0.0,0.0,0.0,0.0,0.0,0.0,0.0,0.0,
mieos5vj9i,0.0,0.0,0.0,0.0,0.0,0.0,0.0,0.0,0.0,0.0,0.0,
unya4v7zg3,0.0,0.0,0.0,0.0,0.0,0.0,1.0,0.0,0.0,0.0,0.0,
30inhunzas,0.0,0.0,0.0,0.0,0.0,0.0,0.0,0.0,0.0,0.0,0.0,
awzyi9m0p3,0.0,0.0,0.0,0.0,0.0,0.0,0.0,0.0,0.0,0.0,0.0,
zzl87q8c1p,0.0,0.0,0.0,0.0,0.0,0.0,0.0,0.0,0.0,0.0,0.0,
ao7m495p71,0.0,0.0,0.0,0.0,0.0,0.0,0.0,0.0,0.0,0.0,0.0,
gtpboemh9g,0.0,0.0,1.0,0.0,0.0,0.0,0.0,0.0,0.0,0.0,0.0,
rdgv09waha,0.0,0.0,0.0,0.0,0.0,0.0,1.0,0.0,0.0,0.0,0.0,
5o0b10xka9,0.0,0.0,0.0,0.0,0.0,0.0,0.0,0.0,0.0,0.0,0.0,
g6wzj2wdtk,0.0,0.0,0.0,0.0,0.0,0.0,9.0,0.0,0.0,0.0,0.0,
nin2jbsfm5,0.0,0.0,0.0,0.0,0.0,0.0,0.0,0.0,0.0,0.0,0.0,
5xr3jicowv,0.0,0.0,0.0,0.0,0.0,0.0,0.0,0.0,0.0,0.0,0.0,
f9s6kx2351,0.0,0.0,0.0,0.0,0.0,0.0,0.0,0.0,0.0,0.0,0.0,
ia92t41j8q,0.0,0.0,0.0,0.0,0.0,0.0,1.0,0.0,0.0,0.0,0.0,
3yda5egszj,0.0,0.0,0.0,0.0,0.0,0.0,0.0,0.0,0.0,0.0,0.0,
vadigfx5qj,0.0,0.0,0.0,0.0,0.0,0.0,0.0,0.0,0.0,0.0,0.0,
y2dem9sk0a,0.0,0.0,0.0,0.0,0.0,0.0,1.0,0.0,0.0,0.0,0.0,
flhz5i56ie,0.0,0.0,0.0,0.0,0.0,0.0,0.0,0.0,0.0,0.0,0.0,
31stcwpbkv,0.0,0.0,0.0,0.0,0.0,0.0,0.0,0.0,0.0,0.0,0.0,
j002d3d0wq,0.0,0.0,0.0,0.0,1.0,0.0,0.0,0.0,0.0,0.0,0.0,
z6e19vpa9b,0.0,0.0,1.0,1.0,2.0,0.0,3.0,0.0,11.0,1.0,0.0,
zr3rk3y0dm,0.0,0.0,0.0,0.0,0.0,0.0,0.0,0.0,0.0,0.0,0.0,
u6lbser4l8,0.0,0.0,0.0,0.0,0.0,0.0,0.0,0.0,0.0,0.0,0.0,
t524in7jnv,0.0,0.0,0.0,0.0,0.0,0.0,0.0,0.0,0.0,0.0,0.0,
aymwodvmtd,0.0,0.0,0.0,0.0,0.0,0.0,0.0,0.0,0.0,0.0,0.0,
o1efjneb0m,0.0,0.0,0.0,0.0,0.0,0.0,0.0,0.0,0.0,0.0,0.0,
sur567sqbx,0.0,0.0,1.0,0.0,10.0,0.0,14.0,0.0,11.0,1.0,0.0,
v2b8s0d6zs,0.0,0.0,0.0,0.0,0.0,0.0,0.0,0.0,0.0,0.0,0.0,
35rgfe4i8k,0.0,0.0,0.0,0.0,0.0,0.0,0.0,0.0,0.0,0.0,0.0,
s8icibvnpk,0.0,0.0,0.0,0.0,0.0,0.0,0.0,0.0,0.0,0.0,0.0,
dczl36g7od,0.0,0.0,0.0,0.0,0.0,0.0,0.0,0.0,0.0,0.0,0.0,
n4m5mvd631,0.0,0.0,0.0,0.0,0.0,0.0,0.0,0.0,0.0,0.0,0.0,
2m1xja5k76,0.0,0.0,0.0,0.0,0.0,0.0,0.0,0.0,0.0,0.0,0.0,
9ah6rzggdg,0.0,0.0,0.0,0.0,0.0,0.0,0.0,0.0,0.0,0.0,0.0,
wg3nizrhvf,0.0,0.0,0.0,0.0,0.0,0.0,3.0,0.0,0.0,0.0,0.0,
n6055suw06,0.0,0.0,0.0,0.0,0.0,0.0,0.0,0.0,0.0,0.0,0.0,
yv5g95cprc,0.0,0.0,0.0,0.0,0.0,0.0,0.0,0.0,0.0,0.0,0.0,
i60fwx8igl,0.0,0.0,0.0,0.0,0.0,0.0,0.0,0.0,0.0,0.0,0.0,
potd3yj71g,0.0,0.0,0.0,0.0,0.0,0.0,0.0,0.0,0.0,0.0,0.0,
c7ul2diogv,0.0,0.0,0.0,0.0,0.0,0.0,0.0,0.0,0.0,0.0,0.0,
o20b7mq288,0.0,0.0,0.0,0.0,0.0,0.0,0.0,0.0,0.0,0.0,0.0,
e9drqisexs,0.0,0.0,0.0,0.0,0.0,0.0,0.0,0.0,0.0,0.0,0.0,
sxsj2v91nb,0.0,0.0,0.0,0.0,0.0,0.0,0.0,0.0,0.0,0.0,0.0,
54uavxr13n,0.0,0.0,0.0,0.0,0.0,0.0,0.0,0.0,0.0,0.0,0.0,
moaud1lg9y,0.0,0.0,0.0,0.0,0.0,0.0,0.0,0.0,0.0,0.0,0.0,
e1y1hdsacx,0.0,0.0,0.0,0.0,0.0,0.0,0.0,0.0,0.0,0.0,0.0,
dsheu0x003,0.0,0.0,0.0,0.0,0.0,0.0,0.0,0.0,0.0,0.0,0.0,
6aa3ulxpdv,0.0,0.0,0.0,0.0,0.0,0.0,0.0,0.0,0.0,0.0,0.0,
lgjh22qtyp,0.0,0.0,0.0,0.0,0.0,0.0,0.0,0.0,0.0,0.0,0.0,
9tsb28nz7a,0.0,0.0,0.0,0.0,0.0,0.0,0.0,0.0,0.0,0.0,0.0,
ti1tzduzju,0.0,0.0,0.0,0.0,0.0,0.0,0.0,0.0,0.0,0.0,0.0,
ugyvr69bhm,0.0,0.0,0.0,0.0,0.0,0.0,0.0,0.0,0.0,0.0,0.0,
bk780fnhnm,0.0,0.0,0.0,0.0,0.0,0.0,0.0,0.0,0.0,0.0,0.0,
llptvql86x,0.0,0.0,0.0,0.0,0.0,0.0,0.0,0.0,0.0,0.0,0.0,
gavbjgswwy,0.0,0.0,0.0,0.0,0.0,0.0,0.0,0.0,0.0,0.0,0.0,
mciq78rhsm,0.0,0.0,0.0,0.0,0.0,0.0,0.0,0.0,0.0,0.0,0.0,
wcn5w0kwn3,0.0,0.0,0.0,0.0,0.0,0.0,0.0,0.0,0.0,0.0,0.0,
bro1cmx0ou,0.0,0.0,0.0,0.0,0.0,0.0,0.0,0.0,0.0,0.0,0.0,
n2hiqse0vt,0.0,0.0,0.0,0.0,0.0,0.0,0.0,0.0,0.0,0.0,0.0,
5oywq5hfnk,0.0,0.0,0.0,0.0,0.0,0.0,3.0,0.0,0.0,0.0,0.0,
y8xp7ihhmf,0.0,0.0,0.0,0.0,0.0,0.0,0.0,0.0,0.0,0.0,0.0,
xjka0ud52v,0.0,0.0,2.0,1.0,2.0,0.0,5.0,0.0,9.0,1.0,0.0,
fqh0suj251,0.0,0.0,0.0,0.0,0.0,0.0,0.0,0.0,0.0,0.0,0.0,
o3vthbg53z,0.0,0.0,0.0,0.0,0.0,0.0,0.0,0.0,0.0,0.0,0.0,
j5uun659f5,0.0,0.0,0.0,0.0,0.0,0.0,0.0,0.0,0.0,0.0,0.0,
4bgign8ftk,0.0,0.0,0.0,0.0,0.0,0.0,1.0,0.0,0.0,0.0,0.0,
6bt6s9xrjd,0.0,0.0,0.0,1.0,0.0,0.0,2.0,0.0,0.0,0.0,0.0,
62mw64ap1l,0.0,0.0,0.0,0.0,0.0,0.0,0.0,0.0,0.0,0.0,0.0,
ufcbd35g0w,0.0,0.0,0.0,0.0,0.0,0.0,0.0,0.0,0.0,0.0,0.0,
m836zc4w77,0.0,0.0,0.0,0.0,0.0,0.0,0.0,0.0,0.0,0.0,0.0,
hf0y96u4cz,0.0,0.0,0.0,0.0,0.0,0.0,0.0,0.0,0.0,0.0,0.0,
pbp41k6e3p,0.0,0.0,0.0,0.0,0.0,0.0,0.0,0.0,0.0,0.0,0.0,
kf3mmvq2yc,0.0,0.0,0.0,0.0,0.0,0.0,0.0,0.0,0.0,0.0,0.0,
dsjp1kiiwz,0.0,0.0,0.0,0.0,0.0,0.0,0.0,0.0,0.0,0.0,0.0,
nwqyj26ppb,0.0,0.0,0.0,0.0,0.0,0.0,0.0,0.0,0.0,0.0,0.0,
5vr2jnecp4,0.0,0.0,0.0,0.0,0.0,0.0,0.0,0.0,0.0,0.0,0.0,
7eyuk7a65u,0.0,1.0,19.0,1.0,4.0,1.0,261.0,1.0,141.0,4.0,0.0,
g7kpswtwxn,0.0,0.0,0.0,0.0,0.0,0.0,0.0,0.0,0.0,0.0,0.0,
jg41t14a8e,0.0,0.0,0.0,0.0,0.0,0.0,0.0,0.0,0.0,0.0,0.0,
2lrvtwuujk,0.0,0.0,6.0,0.0,5.0,0.0,57.0,0.0,38.0,4.0,0.0,
b9dexdpbrf,0.0,0.0,0.0,0.0,0.0,0.0,0.0,0.0,0.0,0.0,0.0,
t0dzihgr1e,0.0,0.0,0.0,0.0,0.0,0.0,0.0,0.0,0.0,0.0,0.0,
sultzxfwqu,0.0,0.0,0.0,0.0,0.0,0.0,0.0,0.0,0.0,0.0,0.0,
51g7v1a719,0.0,0.0,0.0,0.0,0.0,0.0,0.0,0.0,0.0,0.0,0.0,
scmfhn70ph,0.0,0.0,0.0,0.0,0.0,0.0,0.0,0.0,0.0,0.0,0.0,
bv9p1plefd,0.0,0.0,0.0,0.0,0.0,0.0,0.0,0.0,0.0,0.0,0.0,
j0znwvg98s,0.0,0.0,0.0,0.0,0.0,0.0,1.0,0.0,0.0,0.0,0.0,
z63zx7tpxq,0.0,0.0,0.0,0.0,0.0,0.0,0.0,0.0,0.0,0.0,0.0,
tsurfjjyuh,0.0,0.0,0.0,0.0,0.0,0.0,0.0,0.0,0.0,0.0,0.0,
ovxew18ysz,0.0,0.0,0.0,0.0,0.0,0.0,0.0,0.0,0.0,0.0,0.0,
9v5i0uybft,0.0,0.0,0.0,0.0,0.0,0.0,0.0,0.0,0.0,0.0,0.0,
5zyiaa3rnj,0.0,0.0,0.0,0.0,0.0,0.0,0.0,0.0,0.0,0.0,0.0,
9ri7vob4h7,0.0,0.0,0.0,0.0,0.0,0.0,0.0,0.0,0.0,0.0,0.0,
refujlif7x,0.0,0.0,0.0,0.0,0.0,0.0,0.0,0.0,0.0,0.0,0.0,
vub7xy8ufm,0.0,0.0,0.0,0.0,0.0,0.0,0.0,0.0,0.0,0.0,0.0,
kl5con4f5j,0.0,0.0,0.0,0.0,0.0,0.0,0.0,0.0,0.0,0.0,0.0,
rlmycrjvi1,0.0,0.0,0.0,0.0,0.0,0.0,0.0,0.0,0.0,0.0,0.0,
nhclhe5dw4,0.0,0.0,0.0,0.0,0.0,0.0,0.0,0.0,0.0,0.0,0.0,
euayv7ztan,0.0,0.0,0.0,0.0,0.0,0.0,0.0,0.0,0.0,0.0,0.0,
orsxadg7r3,0.0,0.0,0.0,0.0,0.0,0.0,0.0,0.0,0.0,0.0,0.0,
2rp4vilyoe,0.0,0.0,0.0,0.0,0.0,0.0,0.0,0.0,0.0,0.0,0.0,
811b2tnmmh,0.0,0.0,0.0,0.0,0.0,0.0,0.0,0.0,0.0,0.0,0.0,
5ji1b8cnu5,0.0,0.0,0.0,0.0,0.0,0.0,0.0,0.0,0.0,0.0,0.0,
79bk8tekzh,0.0,0.0,0.0,0.0,0.0,0.0,7.0,0.0,0.0,0.0,0.0,
7ser95y3t2,0.0,0.0,0.0,0.0,0.0,0.0,0.0,0.0,0.0,0.0,0.0,
lfr9df1d2j,0.0,0.0,0.0,0.0,0.0,0.0,0.0,0.0,0.0,0.0,0.0,
92336lmy17,0.0,0.0,0.0,0.0,0.0,0.0,0.0,0.0,0.0,0.0,0.0,
ieli6c5rzo,0.0,0.0,0.0,0.0,0.0,0.0,0.0,0.0,0.0,0.0,0.0,
v887bzpjmm,0.0,0.0,0.0,0.0,0.0,0.0,0.0,0.0,0.0,0.0,0.0,
50ydh2gk9m,0.0,0.0,0.0,0.0,0.0,0.0,0.0,0.0,0.0,0.0,0.0,
g3hqp5vcco,0.0,0.0,0.0,0.0,0.0,0.0,0.0,0.0,0.0,0.0,0.0,
7zs9tcgyl5,0.0,0.0,0.0,0.0,0.0,0.0,0.0,0.0,0.0,0.0,0.0,
2syqm0y5kj,0.0,0.0,0.0,0.0,0.0,0.0,0.0,0.0,0.0,0.0,0.0,
3p0ypaoopi,0.0,0.0,0.0,0.0,0.0,0.0,0.0,0.0,0.0,0.0,0.0,
cb6u0qqiyv,0.0,0.0,0.0,0.0,0.0,0.0,0.0,0.0,0.0,0.0,0.0,
28b574egyk,0.0,0.0,0.0,0.0,0.0,0.0,0.0,0.0,0.0,0.0,0.0,
7899jvrax6,0.0,0.0,0.0,0.0,0.0,0.0,2.0,0.0,0.0,0.0,0.0,
jzhuit9pfq,0.0,0.0,0.0,0.0,0.0,0.0,0.0,0.0,0.0,0.0,0.0,
au01t82622,0.0,0.0,0.0,0.0,0.0,0.0,0.0,0.0,0.0,0.0,0.0,
lq0ufk19ju,0.0,0.0,0.0,0.0,0.0,0.0,0.0,0.0,0.0,0.0,0.0,
zoc54vmy2g,0.0,0.0,0.0,0.0,0.0,0.0,0.0,0.0,0.0,0.0,0.0,
l1uz6l0a4m,0.0,0.0,0.0,0.0,0.0,0.0,0.0,0.0,0.0,0.0,0.0,
3vb6ikomi7,0.0,0.0,0.0,0.0,0.0,0.0,0.0,0.0,0.0,0.0,0.0,
bou77ttco2,0.0,0.0,1.0,0.0,0.0,0.0,2.0,0.0,0.0,0.0,0.0,
pv2e1pbfa0,0.0,0.0,0.0,0.0,0.0,0.0,0.0,0.0,0.0,0.0,0.0,
04dc1h0xp7,0.0,0.0,0.0,0.0,0.0,0.0,0.0,0.0,0.0,0.0,0.0,
ulqfspve7i,0.0,0.0,0.0,0.0,0.0,0.0,0.0,0.0,0.0,0.0,0.0,
mpt076qmrn,0.0,0.0,0.0,0.0,0.0,0.0,0.0,0.0,0.0,0.0,0.0,
tktvdciz01,0.0,0.0,0.0,0.0,0.0,0.0,0.0,0.0,0.0,0.0,0.0,
mvbjv1uunu,0.0,0.0,0.0,0.0,0.0,0.0,0.0,0.0,0.0,0.0,0.0,
93tdalz46i,0.0,0.0,0.0,0.0,0.0,0.0,0.0,0.0,0.0,0.0,0.0,
edm7oep7of,0.0,0.0,0.0,0.0,0.0,0.0,0.0,0.0,0.0,0.0,0.0,
vngg5l88xt,0.0,0.0,0.0,0.0,0.0,0.0,0.0,0.0,0.0,0.0,0.0,
40419l68in,0.0,0.0,0.0,0.0,0.0,0.0,0.0,0.0,0.0,0.0,0.0,
vpig97q16e,0.0,0.0,0.0,0.0,0.0,0.0,0.0,0.0,0.0,0.0,0.0,
8aqh96dcnx,0.0,0.0,0.0,0.0,0.0,0.0,0.0,0.0,0.0,0.0,0.0,
vkgsi76djf,0.0,0.0,0.0,0.0,0.0,0.0,0.0,0.0,0.0,0.0,0.0,
dc50y3mard,0.0,0.0,0.0,0.0,0.0,0.0,0.0,0.0,0.0,0.0,0.0,
q05oka234q,0.0,0.0,0.0,0.0,0.0,0.0,0.0,0.0,0.0,0.0,0.0,
q7ubgiaujs,0.0,0.0,0.0,0.0,0.0,0.0,0.0,0.0,0.0,0.0,0.0,
h5c6g3e6qq,0.0,0.0,0.0,0.0,0.0,0.0,0.0,0.0,0.0,0.0,0.0,
61jl3msd0g,0.0,0.0,0.0,0.0,0.0,0.0,0.0,0.0,0.0,0.0,0.0,
1bvmc5h0i4,0.0,0.0,0.0,0.0,0.0,0.0,6.0,0.0,0.0,0.0,0.0,
vh2mntjmjp,0.0,0.0,0.0,0.0,0.0,0.0,0.0,0.0,0.0,0.0,0.0,
lxi70qht3t,,,,,,,,,,,,
qddw9t7396,,,,,,,,,,,,
